timestamp_hr,qubit_id,T1_us,T2_us,gate_fidelity_1q,gate_fidelity_2q,readout_error,gate_error_per_clifford,cross_resonance_phase_rad,drift_label
0.0,0,79.7118,71.2445,0.998967,0.985562,0.011872,0.0004251,1.574123,0
0.0,1,93.8124,83.6985,0.999035,0.985186,0.013164,0.0005328,1.571905,0
0.0,2,98.5148,85.0648,0.999074,0.986049,0.012042,0.0004947,1.576118,0
0.0,3,90.6022,80.5234,0.999147,0.985699,0.011759,0.0005188,1.573282,0
0.0,4,80.3972,69.1355,0.99917,0.983788,0.00938,0.0004697,1.561642,0
0.5,0,83.0351,76.7172,0.998624,0.985658,0.011013,0.0004982,1.574887,0
0.5,1,95.4316,88.7009,0.999182,0.98526,0.012665,0.0005264,1.571556,0
0.5,2,98.4507,86.94,0.99914,0.98478,0.014351,0.0004615,1.566838,0
0.5,3,94.0277,89.4379,0.999142,0.985649,0.013441,0.0004978,1.563597,0
0.5,4,76.44,71.4182,0.998557,0.985007,0.012268,0.0004867,1.585063,0
1.0,0,83.7221,82.3466,0.999166,0.984472,0.011468,0.0004634,1.594264,0
1.0,1,94.8595,85.1336,0.999205,0.984381,0.011736,0.0004129,1.573916,0
1.0,2,98.5587,90.178,0.999338,0.984945,0.012291,0.0005134,1.595588,0
1.0,3,93.2054,84.8032,0.998677,0.985683,0.012411,0.0005663,1.584442,0
1.0,4,80.0926,71.0486,0.999458,0.985052,0.011514,0.0004486,1.583231,0
1.5,0,86.6734,80.5534,0.999177,0.983039,0.012756,0.0005353,1.585935,0
1.5,1,95.4601,85.9061,0.999487,0.984096,0.011617,0.0005756,1.586973,0
1.5,2,98.6899,89.1683,0.998598,0.985116,0.010835,0.0005518,1.591466,0
1.5,3,94.8644,86.337,0.99938,0.983897,0.011923,0.0005237,1.608891,0
1.5,4,71.523,66.9213,0.999147,0.986167,0.012757,0.0005101,1.586218,0
2.0,0,82.58,74.903,0.998902,0.986536,0.011449,0.000526,1.58211,0
2.0,1,96.5737,87.8243,0.999207,0.986078,0.012016,0.0004541,1.602379,0
2.0,2,100.0931,91.8554,0.99875,0.985827,0.012148,0.000545,1.610541,0
2.0,3,90.3505,82.2473,0.999606,0.985115,0.011764,0.0005156,1.612628,0
2.0,4,73.8422,67.8386,0.999319,0.98451,0.010333,0.000525,1.600097,0
2.5,0,85.0878,79.2473,0.999132,0.984104,0.012593,0.0005027,1.588908,0
2.5,1,98.8456,88.8001,0.998726,0.985318,0.012563,0.0004836,1.607742,0
2.5,2,100.6479,88.0009,0.999064,0.984902,0.014341,0.0004194,1.610691,0
2.5,3,87.3143,78.2679,0.99952,0.984893,0.014316,0.0004904,1.607243,0
2.5,4,71.37,62.4584,0.998969,0.984674,0.012277,0.0004072,1.623763,0
3.0,0,87.1697,83.9221,0.998638,0.985114,0.015255,0.0004715,1.594202,0
3.0,1,97.3444,89.2657,0.999148,0.985912,0.011833,0.0004349,1.604805,0
3.0,2,100.5767,92.2051,0.998353,0.984852,0.013488,0.0006213,1.614772,0
3.0,3,87.3058,74.6772,0.998687,0.984918,0.012593,0.000544,1.604373,0
3.0,4,68.8269,60.017,0.998593,0.985395,0.009778,0.0004983,1.613654,0
3.5,0,91.7148,82.7787,0.99923,0.984541,0.011361,0.0004838,1.629241,0
3.5,1,100.8439,92.5289,0.999929,0.984834,0.012725,0.0005329,1.611749,0
3.5,2,102.1289,97.4552,0.99851,0.98454,0.012533,0.0005567,1.600483,0
3.5,3,80.9071,67.2638,0.998909,0.984777,0.01245,0.000479,1.601725,0
3.5,4,65.9011,60.092,0.999041,0.985654,0.012896,0.000508,1.62746,0
4.0,0,89.5273,78.4447,0.998764,0.984372,0.009954,0.0005278,1.6206,0
4.0,1,98.4675,86.0903,0.999032,0.986213,0.012158,0.0004946,1.612187,0
4.0,2,96.6816,82.6114,0.998882,0.984889,0.013965,0.0005672,1.628442,0
4.0,3,82.6995,76.4241,0.998578,0.98509,0.012539,0.0004817,1.638095,0
4.0,4,69.9407,58.1558,0.999086,0.984514,0.012121,0.0005433,1.622007,0
4.5,0,86.8081,74.5074,0.999142,0.985861,0.014038,0.0006127,1.600939,0
4.5,1,100.9846,83.9195,0.999394,0.985023,0.010994,0.000623,1.627934,0
4.5,2,92.2906,84.0365,0.998691,0.984909,0.01167,0.0005912,1.607261,0
4.5,3,83.4489,80.5541,0.998662,0.984989,0.012337,0.000488,1.627973,0
4.5,4,67.9059,58.8082,0.999439,0.985453,0.011968,0.0004907,1.61365,0
5.0,0,94.3871,84.4507,0.999038,0.984652,0.012766,0.0005192,1.631735,0
5.0,1,99.2485,92.2877,0.999102,0.984707,0.01129,0.000478,1.616689,0
5.0,2,93.2858,86.8648,0.998886,0.986056,0.014429,0.0005262,1.608616,0
5.0,3,80.7268,72.4351,0.998453,0.9846,0.012437,0.000502,1.616412,0
5.0,4,65.1518,62.8272,0.998852,0.984136,0.011777,0.0005727,1.617249,0
5.5,0,93.8756,86.948,0.999115,0.9859,0.011615,0.0005841,1.617944,0
5.5,1,98.9061,93.2743,0.999137,0.984782,0.010974,0.0005556,1.619569,0
5.5,2,92.5226,81.1115,0.998964,0.983083,0.012526,0.0005362,1.620027,0
5.5,3,82.2317,75.8186,0.998708,0.984244,0.01286,0.0004517,1.622546,0
5.5,4,64.4207,58.1407,0.998953,0.984809,0.0133,0.0005389,1.622722,0
6.0,0,91.4204,84.6541,0.999038,0.985921,0.011433,0.0005313,1.626213,0
6.0,1,99.5226,89.6076,0.998366,0.98542,0.012833,0.0005865,1.649296,0
6.0,2,92.7852,83.386,0.998883,0.986314,0.010449,0.0005543,1.612092,0
6.0,3,73.661,60.9361,0.998465,0.985615,0.011312,0.0005186,1.615165,0
6.0,4,65.9783,56.7631,0.999275,0.983966,0.011415,0.0005361,1.627047,0
6.5,0,97.5612,88.228,0.998508,0.984292,0.011622,0.0005688,1.63071,0
6.5,1,99.3722,92.5459,0.998711,0.984631,0.012376,0.0006089,1.625887,0
6.5,2,91.7156,79.091,0.999076,0.98427,0.012539,0.0004374,1.637304,0
6.5,3,74.8304,65.2532,0.999188,0.983672,0.012116,0.0005362,1.616887,0
6.5,4,66.5799,63.5143,0.998279,0.983581,0.013003,0.0004673,1.622986,0
7.0,0,95.7762,88.584,0.998793,0.984796,0.011433,0.0005996,1.621143,0
7.0,1,100.1181,88.2622,0.998892,0.984585,0.012048,0.0004843,1.63406,0
7.0,2,94.1848,85.5908,0.99908,0.98539,0.013138,0.0005502,1.628219,0
7.0,3,77.9017,70.3045,0.998568,0.984739,0.010322,0.0005347,1.63023,0
7.0,4,65.5712,59.3712,0.999138,0.98472,0.011187,0.0004644,1.616399,0
7.5,0,93.5221,86.3035,0.998788,0.985156,0.012298,0.0005897,1.635096,0
7.5,1,97.891,87.1352,0.99869,0.983403,0.0129,0.0005969,1.62443,0
7.5,2,89.2597,83.8392,0.998147,0.984842,0.012368,0.000509,1.63841,0
7.5,3,76.8094,68.4063,0.998824,0.98439,0.011713,0.0004721,1.638293,0
7.5,4,64.4313,59.8396,0.998522,0.986365,0.014205,0.0005469,1.615452,0
8.0,0,95.1876,87.1031,0.998566,0.984653,0.013329,0.0004647,1.642159,0
8.0,1,101.9743,87.2354,0.998416,0.984453,0.011209,0.0005268,1.596289,0
8.0,2,88.6326,85.5218,0.998505,0.984462,0.01075,0.0005719,1.619848,0
8.0,3,77.4641,70.2945,0.998728,0.98512,0.011734,0.000473,1.625121,0
8.0,4,61.3755,55.6055,0.998953,0.984272,0.012662,0.0006269,1.611023,0
8.5,0,100.9873,90.0059,0.9986,0.986602,0.01241,0.000611,1.627144,0
8.5,1,95.0565,85.9643,0.998672,0.983587,0.010483,0.0005476,1.62487,0
8.5,2,88.6746,78.8308,0.99859,0.983871,0.0117,0.0004908,1.616935,0
8.5,3,72.2773,62.7182,0.99876,0.984052,0.012251,0.0005679,1.620749,0
8.5,4,62.0961,52.1935,0.998716,0.984881,0.012896,0.0004626,1.620559,0
9.0,0,100.4404,89.7506,0.998792,0.985,0.012517,0.0005787,1.615879,0
9.0,1,98.2189,85.6303,0.998769,0.985642,0.012066,0.0005366,1.61024,0
9.0,2,88.2352,76.6969,0.999093,0.98389,0.011212,0.0005553,1.616457,0
9.0,3,71.6896,67.2629,0.998696,0.984994,0.01136,0.000608,1.62148,0
9.0,4,61.7302,55.9747,0.998584,0.984378,0.012772,0.000544,1.616393,0
9.5,0,95.744,86.7938,0.998602,0.983753,0.01213,0.0004547,1.617724,0
9.5,1,99.0354,88.9414,0.998512,0.983864,0.012134,0.0004263,1.612543,0
9.5,2,86.7269,77.0804,0.998662,0.984766,0.012636,0.0006022,1.610922,0
9.5,3,68.5227,60.5326,0.998865,0.985865,0.011965,0.0004949,1.602037,0
9.5,4,56.0507,51.1111,0.998402,0.983633,0.010309,0.0004916,1.616422,0
10.0,0,96.1958,80.5171,0.998853,0.984327,0.012732,0.000587,1.605715,0
10.0,1,94.0771,84.2501,0.99895,0.984134,0.010863,0.0006051,1.601648,0
10.0,2,83.2916,75.0103,0.999109,0.984811,0.011967,0.0005841,1.62727,0
10.0,3,71.5267,66.1066,0.998463,0.987602,0.011101,0.0005314,1.598801,0
10.0,4,63.166,57.8051,0.998372,0.984814,0.012847,0.0005341,1.593598,0
10.5,0,97.6406,86.341,0.998797,0.984164,0.01305,0.000505,1.58312,0
10.5,1,94.4616,89.6025,0.998618,0.986453,0.012806,0.0004943,1.592091,0
10.5,2,83.2891,71.4291,0.999502,0.983787,0.012996,0.0006255,1.599342,0
10.5,3,65.6543,58.4435,0.998899,0.985281,0.012372,0.0004825,1.600857,0
10.5,4,58.3183,47.9028,0.998581,0.983434,0.012902,0.0006497,1.619022,0
11.0,0,98.1325,86.668,0.998987,0.985409,0.011911,0.0005479,1.61681,0
11.0,1,94.9227,83.772,0.998816,0.985024,0.011308,0.0005426,1.583077,0
11.0,2,80.9239,78.2995,0.999003,0.984486,0.011397,0.0005394,1.605248,0
11.0,3,65.4682,62.3398,0.998368,0.984328,0.014073,0.0004546,1.606625,0
11.0,4,55.7998,50.0388,0.998728,0.985219,0.009175,0.0004591,1.589081,0
11.5,0,99.456,86.3123,0.998704,0.983591,0.011944,0.0005152,1.591267,0
11.5,1,95.4305,90.8103,0.998573,0.984286,0.012393,0.0005428,1.588306,0
11.5,2,77.0254,70.3537,0.998495,0.983774,0.010757,0.0006156,1.58742,0
11.5,3,67.8912,61.7676,0.998259,0.983673,0.013103,0.0005192,1.577923,0
11.5,4,59.0667,52.7838,0.998466,0.984279,0.011867,0.000428,1.593853,0
12.0,0,97.7773,92.5911,0.998415,0.983256,0.013548,0.0004807,1.576438,0
12.0,1,94.5288,83.9541,0.998263,0.98467,0.012166,0.0006242,1.588686,0
12.0,2,84.8874,71.3689,0.998753,0.983667,0.013515,0.0006011,1.59034,0
12.0,3,63.0975,55.0951,0.998151,0.985888,0.012868,0.000547,1.592135,0
12.0,4,60.9359,56.9818,0.998273,0.983949,0.012555,0.0005778,1.592372,0
12.5,0,97.3149,88.0291,0.999412,0.985054,0.013246,0.0005615,1.58445,0
12.5,1,95.9489,86.7224,0.999117,0.9838,0.012965,0.0006077,1.569254,0
12.5,2,79.681,69.7759,0.998508,0.984499,0.014307,0.000578,1.586132,0
12.5,3,62.3116,56.2542,0.998397,0.984043,0.013211,0.0005606,1.591287,0
12.5,4,59.1234,52.7897,0.999133,0.983981,0.010855,0.0006276,1.580916,0
13.0,0,94.8485,85.5157,0.998619,0.985876,0.011661,0.000536,1.561755,0
13.0,1,89.1841,78.0167,0.998309,0.983655,0.010783,0.0004901,1.555262,0
13.0,2,75.1193,65.7585,0.998372,0.984863,0.012342,0.0005434,1.566219,0
13.0,3,66.1507,60.1068,0.998883,0.982411,0.011736,0.0004564,1.566597,0
13.0,4,60.4539,52.941,0.998896,0.983662,0.012966,0.0004873,1.568242,0
13.5,0,99.7803,91.7274,0.998692,0.986012,0.011991,0.000545,1.537571,0
13.5,1,93.7303,83.1121,0.998377,0.985517,0.013641,0.0005729,1.550817,0
13.5,2,75.69,66.4278,0.998379,0.985295,0.010272,0.0005959,1.569759,0
13.5,3,66.327,60.4707,0.998112,0.983791,0.01247,0.0005853,1.574974,0
13.5,4,56.0512,49.7803,0.999021,0.985695,0.014266,0.000548,1.576142,0
14.0,0,102.0419,96.2389,0.998937,0.985102,0.01163,0.0004976,1.569628,0
14.0,1,88.3519,79.4272,0.998546,0.984126,0.012653,0.0005189,1.560485,0
14.0,2,74.0538,66.4422,0.998497,0.985069,0.014293,0.0005399,1.572145,0
14.0,3,63.3367,50.9533,0.998492,0.983931,0.013202,0.0005794,1.564544,0
14.0,4,61.5892,53.4371,0.998496,0.983462,0.01225,0.000564,1.561512,0
14.5,0,96.759,90.2408,0.998985,0.985657,0.013146,0.0005818,1.561586,0
14.5,1,89.0774,78.0794,0.999097,0.985795,0.014412,0.0005743,1.558105,0
14.5,2,73.1287,65.8091,0.998896,0.984323,0.012241,0.0006604,1.556509,0
14.5,3,61.1014,56.9314,0.998755,0.984653,0.012371,0.0005115,1.554552,0
14.5,4,58.4702,53.0655,0.998356,0.985153,0.013184,0.0005865,1.553861,0
15.0,0,98.5602,81.732,0.998371,0.984281,0.012795,0.000571,1.540399,0
15.0,1,86.8999,76.7906,0.998379,0.984664,0.01224,0.0006348,1.5571,0
15.0,2,72.5294,66.1164,0.998446,0.983651,0.010979,0.000719,1.53965,0
15.0,3,60.0353,53.2529,0.998616,0.983933,0.010582,0.0005251,1.536538,0
15.0,4,60.9971,53.395,0.998494,0.984573,0.011867,0.0006216,1.546583,0
15.5,0,97.6128,83.1943,0.998887,0.984056,0.012874,0.000594,1.544898,0
15.5,1,85.8115,76.04,0.999094,0.985127,0.012947,0.0005185,1.535639,0
15.5,2,68.5315,61.0739,0.998824,0.983663,0.013642,0.0005777,1.526505,0
15.5,3,59.0724,47.6675,0.998464,0.983941,0.011855,0.0005612,1.542691,0
15.5,4,60.647,57.8627,0.999054,0.983467,0.013719,0.0004964,1.538486,0
16.0,0,99.5709,81.586,0.998852,0.983357,0.012336,0.000571,1.560471,0
16.0,1,82.4725,74.0204,0.998868,0.984159,0.011658,0.000577,1.544434,0
16.0,2,70.4666,61.0276,0.998545,0.984618,0.012313,0.0005707,1.543329,0
16.0,3,58.2817,50.7756,0.998812,0.983484,0.013645,0.0005909,1.530733,0
16.0,4,63.0588,57.1327,0.998909,0.985287,0.012114,0.0005446,1.537439,0
16.5,0,93.8422,81.9363,0.998755,0.984352,0.012004,0.0005456,1.544585,0
16.5,1,81.7868,70.5455,0.998624,0.984128,0.011425,0.0006239,1.549566,0
16.5,2,67.6646,61.2173,0.998828,0.984315,0.013386,0.0006653,1.541911,0
16.5,3,60.2878,56.1547,0.998569,0.983437,0.013401,0.0005041,1.558994,0
16.5,4,64.9635,58.9061,0.998685,0.985741,0.011549,0.0005245,1.535125,0
17.0,0,94.4935,81.6204,0.998706,0.984429,0.011696,0.0006652,1.525583,0
17.0,1,78.9173,72.0941,0.998598,0.984654,0.011891,0.0005333,1.533048,0
17.0,2,65.1495,59.8658,0.998516,0.984929,0.013098,0.000637,1.548511,0
17.0,3,60.7945,56.4,0.998505,0.98411,0.01068,0.0005996,1.532766,0
17.0,4,64.8238,59.5724,0.998254,0.983509,0.012161,0.0005591,1.541174,0
17.5,0,91.8509,82.8219,0.998143,0.982576,0.013242,0.0005222,1.533129,0
17.5,1,77.3068,65.6552,0.99853,0.983972,0.013508,0.00061,1.536117,0
17.5,2,67.02,63.0119,0.998773,0.983975,0.013544,0.0006759,1.545333,0
17.5,3,62.671,58.4945,0.998905,0.983428,0.011411,0.000585,1.522033,0
17.5,4,63.6977,59.3168,0.99845,0.984727,0.011174,0.0005628,1.548962,0
18.0,0,93.6592,85.272,0.999151,0.985317,0.011663,0.0006559,1.532648,0
18.0,1,78.7728,70.9387,0.998962,0.983377,0.012992,0.0006162,1.546915,0
18.0,2,64.1302,60.0337,0.998427,0.985198,0.012892,0.00052,1.542879,0
18.0,3,59.4778,52.7685,0.998419,0.984088,0.011098,0.0006745,1.527517,0
18.0,4,64.4849,60.6943,0.998816,0.984856,0.014057,0.0005744,1.528335,0
18.5,0,93.9505,87.2486,0.998532,0.983248,0.013794,0.0006213,1.525993,0
18.5,1,79.0356,67.032,0.998485,0.983361,0.011917,0.0005508,1.533595,0
18.5,2,65.1081,59.2878,0.998819,0.985134,0.012182,0.0005965,1.545109,0
18.5,3,62.6077,58.3734,0.999044,0.985075,0.013612,0.0005033,1.548536,0
18.5,4,67.2142,60.6239,0.998472,0.98392,0.012971,0.0006345,1.52475,0
19.0,0,91.6614,80.6451,0.998335,0.984554,0.012241,0.000562,1.533812,0
19.0,1,76.7128,69.0138,0.998293,0.983567,0.012387,0.0006153,1.531007,0
19.0,2,63.8104,55.5365,0.999438,0.983487,0.01178,0.0006047,1.53248,0
19.0,3,61.0097,58.8653,0.998504,0.984378,0.012052,0.000595,1.555821,0
19.0,4,69.6103,60.3833,0.999084,0.98517,0.013056,0.000562,1.542161,0
19.5,0,88.5455,81.1815,0.998515,0.982432,0.013511,0.0006071,1.554891,0
19.5,1,74.5648,67.6143,0.998945,0.98453,0.012873,0.0007582,1.542416,0
19.5,2,62.4166,60.0713,0.998368,0.983387,0.011153,0.0006242,1.550362,0
19.5,3,61.082,51.9973,0.998912,0.985178,0.012488,0.0005991,1.550862,0
19.5,4,69.6376,64.2832,0.998284,0.98408,0.011373,0.0006291,1.549408,0
20.0,0,88.8024,80.871,0.998133,0.984886,0.012133,0.0006065,1.558652,0
20.0,1,72.0291,67.9307,0.998637,0.984223,0.013156,0.0005376,1.55344,0
20.0,2,61.5179,57.6611,0.998535,0.983909,0.01297,0.000597,1.535759,0
20.0,3,59.5388,56.3019,0.998572,0.983504,0.013316,0.0005073,1.526296,0
20.0,4,70.0198,63.4739,0.998666,0.983486,0.01245,0.0005301,1.549694,0
20.5,0,84.5901,75.6766,0.998668,0.982775,0.012092,0.0006419,1.567122,0
20.5,1,69.2624,63.1838,0.998219,0.983104,0.014211,0.0006359,1.54359,0
20.5,2,61.225,56.5174,0.998644,0.985978,0.013221,0.0004529,1.54873,0
20.5,3,58.8629,52.544,0.998594,0.983659,0.01153,0.0006707,1.557606,0
20.5,4,69.8499,64.574,0.998793,0.985194,0.01156,0.0006415,1.545554,0
21.0,0,88.9138,79.4064,0.997898,0.984188,0.010846,0.0005941,1.555863,1
21.0,1,70.2247,59.4432,0.998245,0.983484,0.012382,0.0006694,1.563536,0
21.0,2,59.3124,56.1012,0.99817,0.984708,0.012455,0.0006168,1.562829,0
21.0,3,59.4662,55.2346,0.998577,0.986089,0.012326,0.0006685,1.562916,0
21.0,4,70.0397,66.4665,0.998262,0.982374,0.013483,0.0006584,1.556965,0
21.5,0,84.8318,81.185,0.998784,0.983615,0.013377,0.0005453,1.556272,0
21.5,1,67.716,55.5812,0.998217,0.985118,0.011547,0.00058,1.550252,0
21.5,2,61.538,55.3868,0.998717,0.984055,0.011474,0.0005588,1.570235,0
21.5,3,61.2773,56.8579,0.997621,0.985028,0.012151,0.0007161,1.556754,1
21.5,4,73.6692,68.0537,0.998307,0.984838,0.012,0.000672,1.569794,0
22.0,0,85.0677,74.3431,0.998497,0.98436,0.010627,0.0005824,1.577181,0
22.0,1,66.1118,62.5446,0.998372,0.984379,0.011512,0.0006342,1.572427,0
22.0,2,61.7113,58.5484,0.998936,0.984287,0.011434,0.0006762,1.554759,0
22.0,3,61.1566,56.6638,0.998693,0.985394,0.012656,0.0005255,1.565047,0
22.0,4,75.2083,66.7382,0.998984,0.983922,0.011224,0.0006333,1.556323,0
22.5,0,86.1766,78.3969,0.998129,0.984964,0.015044,0.0005123,1.583197,0
22.5,1,68.49,62.0742,0.998653,0.984494,0.011982,0.000683,1.560671,0
22.5,2,63.0709,60.2325,0.998194,0.984096,0.014095,0.000588,1.572542,0
22.5,3,61.9434,58.3525,0.998368,0.984092,0.013215,0.0006021,1.565502,0
22.5,4,73.4418,62.0835,0.998196,0.982724,0.011948,0.0006275,1.574707,0
23.0,0,79.8073,68.9017,0.998242,0.98297,0.011454,0.0006507,1.566813,0
23.0,1,66.479,58.352,0.999268,0.982642,0.012883,0.0005983,1.573148,0
23.0,2,59.5838,53.9591,0.998219,0.984421,0.013079,0.0006805,1.574759,0
23.0,3,66.4722,59.354,0.997947,0.984498,0.012608,0.0005709,1.590191,1
23.0,4,76.4582,71.6113,0.998515,0.98468,0.013369,0.0006387,1.570539,0
23.5,0,81.9725,73.8395,0.999131,0.984443,0.013456,0.0005793,1.583712,0
23.5,1,65.6134,56.2873,0.998179,0.983973,0.012627,0.0006276,1.598945,0
23.5,2,58.0375,53.6563,0.998487,0.983905,0.012962,0.0005141,1.588437,0
23.5,3,63.1036,54.6809,0.997964,0.983706,0.010828,0.000661,1.585381,1
23.5,4,75.32,65.9617,0.998756,0.983584,0.012424,0.000599,1.586491,0
24.0,0,75.4005,67.737,0.998353,0.986403,0.012507,0.0005972,1.604685,0
24.0,1,64.1408,58.3117,0.998258,0.985284,0.012092,0.0006388,1.606124,0
24.0,2,58.1995,52.3793,0.998696,0.984586,0.01163,0.0006291,1.585346,0
24.0,3,63.8,55.9308,0.998885,0.985317,0.015325,0.0006172,1.586386,0
24.0,4,78.0285,74.7411,0.998058,0.983786,0.012154,0.0007075,1.584667,0
24.5,0,79.6703,75.4701,0.99846,0.984392,0.011196,0.0006181,1.599676,0
24.5,1,58.3881,53.4224,0.998617,0.982665,0.011323,0.000585,1.596534,0
24.5,2,58.2518,50.4174,0.998208,0.984265,0.01226,0.0006172,1.59953,0
24.5,3,67.1736,60.0832,0.998768,0.984102,0.013624,0.0006849,1.587222,0
24.5,4,83.0898,80.1137,0.998218,0.983995,0.012378,0.0006445,1.607026,0
25.0,0,74.8009,70.8553,0.998243,0.983889,0.013774,0.0007227,1.603614,0
25.0,1,64.2714,58.3534,0.998025,0.983236,0.011545,0.0005998,1.604573,0
25.0,2,59.0617,55.8722,0.998627,0.986122,0.012507,0.0006645,1.612885,0
25.0,3,70.2944,62.3066,0.998754,0.985303,0.012029,0.0006213,1.613784,0
25.0,4,81.644,70.9071,0.99905,0.983816,0.014484,0.0005996,1.60667,0
25.5,0,76.4175,68.209,0.99822,0.983404,0.013038,0.0005942,1.616315,0
25.5,1,57.4206,50.5248,0.998436,0.98357,0.011771,0.0005833,1.616139,0
25.5,2,62.2057,52.8535,0.998407,0.984762,0.013099,0.0006228,1.610927,0
25.5,3,68.379,61.2923,0.997834,0.983407,0.010815,0.0006921,1.623661,1
25.5,4,82.1887,76.3513,0.999225,0.983482,0.014064,0.0006456,1.613067,0
26.0,0,71.3118,62.7534,0.998362,0.982107,0.01331,0.0006139,1.626392,0
26.0,1,60.3969,60.8763,0.997983,0.983214,0.013485,0.0007479,1.611876,1
26.0,2,63.1993,54.793,0.998868,0.98402,0.01501,0.0007191,1.615323,0
26.0,3,75.3395,64.7566,0.998386,0.985406,0.012045,0.0005979,1.623106,0
26.0,4,85.9002,78.5075,0.998256,0.984118,0.013417,0.0007052,1.625082,0
26.5,0,69.7403,62.8376,0.998284,0.984995,0.01112,0.0006605,1.617084,0
26.5,1,63.1544,58.5923,0.998536,0.984344,0.012458,0.0006663,1.627242,0
26.5,2,61.3946,55.3846,0.997726,0.983529,0.014312,0.0007051,1.628784,1
26.5,3,70.3712,62.4847,0.998659,0.984403,0.011816,0.0006656,1.640067,0
26.5,4,84.2886,75.2928,0.998609,0.984518,0.012374,0.0006061,1.623099,0
27.0,0,71.7668,65.6988,0.998454,0.982829,0.01172,0.0006668,1.620944,0
27.0,1,60.5153,53.6778,0.998279,0.983941,0.014486,0.0006494,1.630199,0
27.0,2,57.457,52.7709,0.998801,0.984406,0.013976,0.0006588,1.620123,0
27.0,3,71.7229,65.9059,0.998676,0.983526,0.012747,0.0006533,1.645868,0
27.0,4,89.3797,82.5214,0.998579,0.9831,0.011709,0.0006304,1.643571,0
27.5,0,70.5699,64.9384,0.998,0.982731,0.013945,0.0006358,1.624831,1
27.5,1,61.3589,55.793,0.999335,0.9849,0.013172,0.0006299,1.640291,0
27.5,2,60.7482,51.5268,0.998728,0.98412,0.01007,0.0006057,1.62968,0
27.5,3,74.9935,67.3752,0.998896,0.982627,0.011749,0.0006909,1.631415,0
27.5,4,86.3855,76.1091,0.998222,0.984331,0.013943,0.0005582,1.63506,0
28.0,0,68.6285,61.9687,0.99869,0.983976,0.01226,0.0005844,1.623854,0
28.0,1,58.4657,52.6495,0.998717,0.983578,0.015164,0.0006362,1.637268,0
28.0,2,62.3401,53.9279,0.998503,0.982229,0.013516,0.0006433,1.644207,0
28.0,3,74.5842,63.7057,0.99817,0.985133,0.013335,0.0006101,1.646312,0
28.0,4,90.4094,87.7298,0.998773,0.984209,0.012391,0.0007292,1.641086,0
28.5,0,65.7226,56.2632,0.998171,0.983569,0.01362,0.0006882,1.657005,0
28.5,1,59.2104,55.0617,0.999108,0.984588,0.014458,0.000567,1.638076,0
28.5,2,60.7749,48.8403,0.998452,0.984974,0.01232,0.0006523,1.636953,0
28.5,3,74.5525,67.863,0.998071,0.984799,0.010936,0.0006586,1.640579,0
28.5,4,93.6165,86.8224,0.997805,0.981922,0.011854,0.0006174,1.643604,1
29.0,0,66.4353,61.4028,0.99801,0.9824,0.013122,0.000627,1.647063,0
29.0,1,57.4014,51.3034,0.998866,0.982541,0.011644,0.0006771,1.66377,0
29.0,2,62.6339,53.5233,0.99782,0.984048,0.011621,0.0007538,1.671512,1
29.0,3,77.2629,70.8869,0.998385,0.984753,0.012867,0.0006482,1.6617,0
29.0,4,92.8831,90.7203,0.997929,0.983396,0.011966,0.0006871,1.64316,1
29.5,0,66.5427,57.0881,0.998382,0.985658,0.014523,0.0005536,1.653518,0
29.5,1,60.2036,53.1138,0.998079,0.98435,0.012986,0.0006751,1.648292,0
29.5,2,68.542,59.4329,0.998261,0.984232,0.013617,0.0005786,1.662845,0
29.5,3,75.1759,67.6756,0.998318,0.983254,0.014018,0.0005301,1.642564,0
29.5,4,90.7617,84.5442,0.998875,0.98444,0.01428,0.0005363,1.651508,0
30.0,0,61.5918,54.6012,0.998473,0.983876,0.014276,0.0005511,1.642443,0
30.0,1,55.5409,46.7101,0.998702,0.983946,0.014457,0.0007093,1.651482,0
30.0,2,62.8376,58.7974,0.998193,0.98284,0.01175,0.0006561,1.663455,0
30.0,3,79.481,75.0364,0.998427,0.983459,0.015621,0.0007411,1.652769,0
30.0,4,91.7792,77.2849,0.99852,0.983596,0.013367,0.0006662,1.655163,0
30.5,0,65.7227,59.8938,0.998173,0.983164,0.013498,0.0005989,1.658056,0
30.5,1,59.9674,53.876,0.998156,0.982359,0.011791,0.0005712,1.651139,0
30.5,2,64.8482,56.2141,0.998652,0.983883,0.012963,0.0006804,1.661237,0
30.5,3,77.4501,71.6755,0.997847,0.983144,0.013927,0.0006871,1.65752,1
30.5,4,94.6201,89.9711,0.997928,0.983536,0.012962,0.0007543,1.661138,1
31.0,0,64.6598,56.4216,0.999055,0.984137,0.011924,0.0007723,1.635827,0
31.0,1,56.9239,50.752,0.998086,0.984182,0.013207,0.0006607,1.669034,0
31.0,2,63.4753,60.2501,0.998133,0.98493,0.014835,0.0007701,1.648191,0
31.0,3,79.5998,72.5796,0.998364,0.98235,0.013666,0.0006089,1.664516,0
31.0,4,96.9311,86.2562,0.998391,0.983566,0.012473,0.0008099,1.640734,0
31.5,0,61.9063,57.9253,0.998255,0.983237,0.011616,0.0007171,1.655614,0
31.5,1,59.8082,50.5788,0.998521,0.983968,0.012607,0.0005887,1.647927,0
31.5,2,66.0622,59.6463,0.998389,0.983469,0.013827,0.0006542,1.653785,0
31.5,3,84.0189,78.6664,0.998081,0.983464,0.013867,0.0006652,1.659752,0
31.5,4,97.1651,85.8932,0.998634,0.983534,0.013902,0.0007502,1.65941,0
32.0,0,65.6585,55.4252,0.998195,0.983507,0.01256,0.0006786,1.64242,0
32.0,1,61.3713,57.4099,0.998484,0.98291,0.013507,0.0006937,1.64964,0
32.0,2,68.97,65.5499,0.998195,0.983427,0.013627,0.0006865,1.654627,0
32.0,3,83.8494,71.4959,0.997989,0.983374,0.013752,0.0006996,1.627942,1
32.0,4,97.3425,87.3026,0.998047,0.985473,0.013224,0.0007014,1.671777,0
32.5,0,59.2753,52.5011,0.998797,0.982654,0.013049,0.0006648,1.652669,0
32.5,1,60.3431,52.325,0.998642,0.984376,0.011924,0.0006281,1.63771,0
32.5,2,67.7581,63.5793,0.998253,0.983478,0.011937,0.0006428,1.657817,0
32.5,3,87.1235,73.3383,0.998053,0.984208,0.012477,0.0006348,1.634363,0
32.5,4,94.1361,85.0454,0.998236,0.984612,0.012908,0.0006142,1.649906,0
33.0,0,62.5647,54.6511,0.997829,0.983297,0.01164,0.0007471,1.625278,1
33.0,1,59.3307,56.545,0.998601,0.983269,0.012207,0.0006559,1.636754,0
33.0,2,74.2319,66.3954,0.997935,0.984469,0.014027,0.0006537,1.646877,1
33.0,3,86.908,74.4415,0.998316,0.982764,0.012356,0.0006181,1.642484,0
33.0,4,97.6158,83.2167,0.998064,0.983678,0.013454,0.0006686,1.617087,0
33.5,0,61.9602,59.7174,0.998805,0.984095,0.013677,0.0006348,1.636624,0
33.5,1,58.2574,52.687,0.997901,0.984128,0.01265,0.0007059,1.636564,1
33.5,2,71.5328,66.5513,0.997978,0.983448,0.012467,0.0007047,1.633983,1
33.5,3,88.4878,81.313,0.997626,0.982919,0.013121,0.0007181,1.640464,1
33.5,4,100.2281,89.4056,0.99836,0.98326,0.012569,0.000626,1.629305,0
34.0,0,58.6005,51.366,0.998328,0.982185,0.013448,0.0006789,1.634262,0
34.0,1,60.2004,53.0789,0.998615,0.983516,0.015007,0.0005997,1.627326,0
34.0,2,71.4352,62.2684,0.998083,0.983255,0.013803,0.0006128,1.6359,0
34.0,3,86.1671,76.2925,0.998716,0.98401,0.013292,0.0007015,1.63556,0
34.0,4,99.1438,94.2393,0.998008,0.983583,0.013657,0.0007075,1.635381,0
34.5,0,61.2724,54.04,0.997905,0.984638,0.013034,0.0006451,1.624792,1
34.5,1,60.9451,57.0582,0.998577,0.983869,0.013576,0.0006741,1.634699,0
34.5,2,70.221,60.2457,0.998298,0.983289,0.012084,0.0007035,1.61465,0
34.5,3,90.5387,81.8899,0.998327,0.982957,0.012842,0.0007338,1.629869,0
34.5,4,100.0107,89.7213,0.997799,0.983247,0.012884,0.0007376,1.635794,1
35.0,0,59.2708,51.5161,0.998339,0.983391,0.012806,0.0006133,1.62338,0
35.0,1,62.5027,58.0624,0.997862,0.982698,0.016696,0.000631,1.621617,1
35.0,2,77.0951,66.6596,0.998818,0.983548,0.013199,0.0007659,1.610831,0
35.0,3,90.1331,79.9987,0.997888,0.983821,0.013523,0.0006842,1.625299,1
35.0,4,99.9288,91.1544,0.998228,0.984576,0.012353,0.0007448,1.616811,0
35.5,0,59.7974,57.7497,0.997611,0.983426,0.012661,0.0007629,1.608758,1
35.5,1,68.8404,58.1698,0.998395,0.983271,0.01357,0.0006492,1.608316,0
35.5,2,73.8546,66.7567,0.997841,0.982532,0.013152,0.0006714,1.623097,1
35.5,3,89.3515,81.7706,0.998387,0.983338,0.012261,0.0006735,1.621666,0
35.5,4,97.477,90.7026,0.998208,0.98496,0.013092,0.0006687,1.596718,0
36.0,0,55.3457,50.5708,0.998212,0.983785,0.012395,0.0006725,1.600563,0
36.0,1,64.8563,57.8613,0.998839,0.98301,0.014199,0.0006273,1.602147,0
36.0,2,77.1009,72.8871,0.998411,0.98367,0.013314,0.0006258,1.620829,0
36.0,3,95.7269,86.036,0.998284,0.984079,0.012905,0.00067,1.601872,0
36.0,4,97.4741,86.0562,0.998499,0.983297,0.012652,0.0006487,1.591805,0
36.5,0,61.3382,56.3274,0.99853,0.983116,0.014552,0.0006898,1.6153,0
36.5,1,65.1823,58.5593,0.998112,0.983602,0.01332,0.0007571,1.616171,0
36.5,2,80.2451,75.7422,0.997455,0.983164,0.013345,0.0007269,1.605005,1
36.5,3,93.6627,82.7404,0.99803,0.985062,0.014217,0.0007479,1.60088,0
36.5,4,96.9529,89.1936,0.998263,0.983438,0.01307,0.0006509,1.59206,0
37.0,0,57.8363,49.1681,0.998439,0.984191,0.01234,0.0005936,1.598795,0
37.0,1,66.6846,60.0654,0.99786,0.981986,0.014822,0.0006742,1.599903,1
37.0,2,81.1969,74.286,0.997877,0.983163,0.011755,0.0006306,1.587769,1
37.0,3,90.9219,80.3201,0.998047,0.982571,0.012977,0.0006844,1.586489,0
37.0,4,101.8166,94.2675,0.998596,0.983257,0.014004,0.0007233,1.584674,0
37.5,0,57.1449,57.4276,0.998127,0.983889,0.01291,0.0007291,1.57922,0
37.5,1,65.247,61.3867,0.99831,0.981518,0.013148,0.0006784,1.596273,0
37.5,2,83.24,75.9415,0.998276,0.983732,0.011972,0.0006468,1.580643,0
37.5,3,92.5427,85.9145,0.998573,0.983991,0.012524,0.0006606,1.584767,0
37.5,4,99.7053,91.625,0.998772,0.982724,0.012899,0.0006245,1.574993,0
38.0,0,58.471,51.9172,0.998086,0.982252,0.013337,0.0006758,1.592949,0
38.0,1,69.455,59.2296,0.998359,0.983001,0.014673,0.0006885,1.578765,0
38.0,2,83.0252,70.2366,0.998622,0.985175,0.01141,0.0006774,1.582696,0
38.0,3,94.6533,89.3367,0.998614,0.983284,0.015211,0.0006916,1.581381,0
38.0,4,97.643,85.2563,0.998676,0.983973,0.012785,0.0006807,1.574722,0
38.5,0,59.6614,50.9168,0.998231,0.983046,0.013722,0.0007446,1.586731,0
38.5,1,69.2469,60.5532,0.99814,0.983447,0.013643,0.0006641,1.569189,0
38.5,2,85.4009,81.0384,0.998792,0.984095,0.012165,0.0007629,1.570405,0
38.5,3,94.8415,86.8173,0.997816,0.984101,0.013101,0.0007125,1.570628,1
38.5,4,98.2989,90.2848,0.998121,0.984216,0.010495,0.0007106,1.577787,0
39.0,0,57.9824,52.5541,0.99837,0.98285,0.01305,0.0006929,1.578374,0
39.0,1,73.1205,64.5872,0.998615,0.982397,0.013471,0.000609,1.575162,0
39.0,2,87.6845,85.3018,0.998235,0.982841,0.014196,0.0006971,1.575428,0
39.0,3,98.6791,92.6931,0.9977,0.983481,0.013154,0.0006415,1.558206,1
39.0,4,95.9156,84.7228,0.998003,0.98333,0.012819,0.0006959,1.590213,0
39.5,0,60.0273,58.088,0.998583,0.984194,0.012456,0.0006828,1.561435,0
39.5,1,72.7052,65.2591,0.998343,0.983662,0.013353,0.0006797,1.560902,0
39.5,2,86.5074,80.0884,0.998161,0.983372,0.014053,0.0007219,1.555884,0
39.5,3,97.0661,84.3149,0.998194,0.983732,0.013694,0.0007807,1.565624,0
39.5,4,94.8256,87.3026,0.998499,0.982595,0.013872,0.0007308,1.569129,0
40.0,0,60.1173,55.6912,0.998328,0.983721,0.012468,0.0006139,1.566559,0
40.0,1,72.564,66.5045,0.997971,0.983908,0.01361,0.000663,1.576949,1
40.0,2,87.8157,76.8323,0.998275,0.983388,0.012295,0.000731,1.567407,0
40.0,3,96.0102,80.3469,0.998328,0.983479,0.013319,0.0007688,1.542593,0
40.0,4,97.2456,92.2955,0.997906,0.984212,0.012388,0.0006479,1.566485,1
40.5,0,65.0009,59.3471,0.998205,0.984089,0.012593,0.0007774,1.580812,0
40.5,1,75.2184,65.5621,0.998512,0.983616,0.013859,0.0007593,1.56947,0
40.5,2,87.7622,83.6945,0.998274,0.983639,0.01383,0.0007181,1.572586,0
40.5,3,98.1377,87.6965,0.998025,0.982971,0.012927,0.000752,1.561737,0
40.5,4,93.7053,83.9938,0.99835,0.983899,0.015189,0.0006328,1.562827,0
41.0,0,63.229,53.0703,0.998702,0.983267,0.012436,0.0007535,1.541524,0
41.0,1,76.0538,65.7337,0.998176,0.983659,0.014023,0.0007256,1.584368,0
41.0,2,90.7073,80.52,0.998548,0.983308,0.013648,0.0005081,1.568036,0
41.0,3,97.7247,86.4222,0.997983,0.984083,0.011188,0.0008625,1.575045,1
41.0,4,93.8189,90.8555,0.998262,0.982644,0.014257,0.0006232,1.569504,0
41.5,0,65.2844,60.0133,0.997735,0.983504,0.013122,0.0006704,1.539608,1
41.5,1,74.5375,65.7401,0.998508,0.985543,0.014102,0.0006681,1.558517,0
41.5,2,93.7097,86.4094,0.998287,0.98353,0.014444,0.0008193,1.562824,0
41.5,3,98.2379,90.198,0.998031,0.981586,0.013739,0.0006708,1.575894,0
41.5,4,92.5312,88.2662,0.997913,0.984245,0.011613,0.0007544,1.560355,1
42.0,0,65.6327,58.2233,0.998365,0.983722,0.013643,0.0007321,1.579604,0
42.0,1,77.0694,73.2563,0.998054,0.984286,0.0156,0.0006701,1.54124,0
42.0,2,92.7765,81.1886,0.998002,0.983057,0.012726,0.0007816,1.574054,0
42.0,3,100.199,98.5194,0.997929,0.981323,0.015284,0.0007225,1.562243,1
42.0,4,87.5867,74.5659,0.998368,0.983205,0.011107,0.000663,1.573291,0
42.5,0,67.2454,61.0393,0.999,0.984121,0.015085,0.0007792,1.57204,0
42.5,1,76.7959,64.6919,0.997928,0.983507,0.013276,0.0007312,1.563528,1
42.5,2,94.246,88.172,0.998152,0.98307,0.010654,0.0007561,1.555994,0
42.5,3,95.9375,89.3405,0.998426,0.983844,0.014228,0.0006578,1.561436,0
42.5,4,89.0617,85.7018,0.998409,0.983105,0.014116,0.0007312,1.562553,0
43.0,0,66.6085,61.9873,0.998097,0.98228,0.013645,0.0007018,1.55405,0
43.0,1,79.2133,70.5806,0.998148,0.983729,0.013078,0.0007375,1.56177,0
43.0,2,95.1571,87.0222,0.998311,0.98443,0.013007,0.0006353,1.564725,0
43.0,3,99.1644,89.337,0.998235,0.981902,0.012456,0.0007419,1.573282,0
43.0,4,87.5774,79.9768,0.997927,0.982358,0.013361,0.0007259,1.569468,1
43.5,0,68.1737,65.4724,0.998415,0.982971,0.014245,0.0006441,1.569113,0
43.5,1,84.1198,77.7645,0.998378,0.984788,0.012564,0.0007572,1.567173,0
43.5,2,97.0011,87.7117,0.998365,0.984497,0.013936,0.000707,1.564429,0
43.5,3,95.8629,89.8593,0.998524,0.983065,0.011496,0.0006858,1.572446,0
43.5,4,86.0532,71.3806,0.997997,0.981628,0.01363,0.0006974,1.568709,1
44.0,0,70.3933,61.0531,0.997476,0.983217,0.013789,0.0006485,1.567814,1
44.0,1,82.5635,74.3898,0.997935,0.985371,0.013058,0.0007293,1.566651,1
44.0,2,90.1189,85.5871,0.997173,0.984325,0.011999,0.0006521,1.57041,1
44.0,3,101.2651,92.3037,0.998063,0.982626,0.013971,0.0007015,1.578637,0
44.0,4,82.8449,76.1365,0.998215,0.982152,0.012287,0.0007126,1.566634,0
44.5,0,69.5093,58.9683,0.997845,0.984911,0.012493,0.0007012,1.573862,1
44.5,1,83.9227,79.1767,0.997938,0.983904,0.01248,0.0007612,1.573492,1
44.5,2,95.6136,85.7472,0.998275,0.982265,0.012365,0.0008244,1.580697,0
44.5,3,95.6921,88.3349,0.998092,0.981419,0.013496,0.0007164,1.579124,0
44.5,4,84.0092,74.9415,0.998453,0.983099,0.012906,0.0007408,1.571691,0
45.0,0,72.2321,64.5551,0.998209,0.982637,0.012102,0.000761,1.583065,0
45.0,1,86.9475,80.5587,0.997659,0.983296,0.011344,0.000751,1.569588,1
45.0,2,97.3778,90.1849,0.997938,0.983182,0.014572,0.0006423,1.586881,1
45.0,3,96.1115,89.7809,0.997604,0.983203,0.014454,0.000793,1.572752,1
45.0,4,83.7529,80.9297,0.997674,0.983163,0.013527,0.0007337,1.571102,1
45.5,0,73.2252,68.2449,0.998635,0.982546,0.012883,0.0007823,1.604015,0
45.5,1,86.8118,73.3552,0.998025,0.983952,0.014043,0.0007831,1.605111,0
45.5,2,95.9806,83.2574,0.997729,0.983082,0.014384,0.0008139,1.58805,1
45.5,3,95.2873,85.3028,0.998458,0.98257,0.01326,0.0007236,1.58559,0
45.5,4,86.6537,75.2058,0.998827,0.982656,0.012545,0.0006945,1.592349,0
46.0,0,72.4955,68.1721,0.997833,0.981821,0.013009,0.000744,1.577102,1
46.0,1,87.7388,80.6566,0.997838,0.982501,0.012285,0.0007228,1.596363,1
46.0,2,102.6565,96.6971,0.997701,0.981931,0.01327,0.0008086,1.598371,1
46.0,3,93.5113,87.5321,0.998493,0.984329,0.012314,0.0007519,1.578988,0
46.0,4,80.1289,68.4277,0.998001,0.982011,0.014155,0.0007294,1.583155,0
46.5,0,74.7441,71.3886,0.998174,0.982673,0.013111,0.0007273,1.59115,0
46.5,1,85.6046,75.8777,0.998443,0.982478,0.011465,0.0007281,1.609194,0
46.5,2,93.9514,85.199,0.998193,0.983569,0.013952,0.0007629,1.582326,0
46.5,3,95.034,90.2434,0.998004,0.983437,0.012381,0.0007976,1.591982,0
46.5,4,83.7241,74.2065,0.998273,0.982713,0.015273,0.0006339,1.601859,0
47.0,0,70.8806,60.7183,0.998628,0.983846,0.011399,0.0007347,1.598662,0
47.0,1,91.1952,88.1506,0.998256,0.983468,0.013918,0.0006804,1.61187,0
47.0,2,99.3889,87.259,0.997867,0.98428,0.013619,0.0006781,1.600618,1
47.0,3,92.0536,82.6345,0.998038,0.982921,0.015084,0.0007766,1.619689,0
47.0,4,75.7093,68.4413,0.998412,0.9837,0.012731,0.0006972,1.614459,0
47.5,0,75.8919,70.0739,0.998097,0.983006,0.013545,0.000696,1.628786,0
47.5,1,92.1264,87.5548,0.997891,0.982668,0.013106,0.0006944,1.618555,1
47.5,2,99.0369,87.3037,0.997954,0.983401,0.012672,0.000717,1.627379,1
47.5,3,90.5767,79.8338,0.998801,0.981399,0.012241,0.0008274,1.607678,0
47.5,4,78.7655,76.8994,0.997835,0.982627,0.013836,0.0007337,1.606524,1
48.0,0,77.3334,65.9025,0.99818,0.983748,0.013279,0.0007288,1.624288,0
48.0,1,90.8706,80.7756,0.998019,0.984258,0.013391,0.0007343,1.617159,0
48.0,2,96.8239,83.7781,0.997764,0.983768,0.012871,0.0007446,1.614037,1
48.0,3,88.4534,78.1282,0.998459,0.982748,0.012764,0.0007186,1.615454,0
48.0,4,76.8895,68.0611,0.998011,0.982687,0.013798,0.0007556,1.620917,0
48.5,0,80.1493,71.848,0.998394,0.983433,0.014943,0.0007385,1.628548,0
48.5,1,91.4384,82.346,0.998275,0.982768,0.014947,0.0007438,1.641658,0
48.5,2,95.3879,84.8983,0.997881,0.983869,0.014097,0.0007387,1.621268,1
48.5,3,90.0371,83.382,0.998281,0.983012,0.013008,0.0007476,1.627119,0
48.5,4,75.6093,66.814,0.998552,0.982557,0.014967,0.0008122,1.635297,0
49.0,0,83.9087,77.1968,0.997925,0.982622,0.012799,0.0007869,1.617935,1
49.0,1,90.7484,86.6801,0.998324,0.983371,0.014393,0.0007837,1.630872,0
49.0,2,94.3569,89.2797,0.998154,0.981939,0.013612,0.0007216,1.631587,0
49.0,3,88.3628,81.2799,0.997957,0.982116,0.014143,0.0007693,1.618483,1
49.0,4,74.6047,69.5282,0.997974,0.98319,0.012706,0.0006575,1.637959,1
49.5,0,81.251,74.3825,0.99794,0.982812,0.013647,0.0007443,1.648097,1
49.5,1,93.4671,79.2602,0.998053,0.981977,0.010951,0.0006927,1.635048,0
49.5,2,95.4265,80.6049,0.997943,0.983993,0.014314,0.0007479,1.648645,1
49.5,3,87.0167,75.5521,0.998214,0.982153,0.013819,0.0007462,1.635807,0
49.5,4,71.5687,67.3418,0.997533,0.983235,0.013196,0.0007104,1.639824,1
50.0,0,83.308,74.7974,0.998074,0.984132,0.012899,0.0007709,1.628414,0
50.0,1,95.8786,79.8467,0.998189,0.98262,0.013664,0.0006772,1.64604,0
50.0,2,98.3072,90.6701,0.997995,0.982995,0.014645,0.0007868,1.639552,1
50.0,3,85.5723,74.9206,0.997989,0.982071,0.011342,0.0007391,1.648329,1
50.0,4,71.5776,67.2156,0.997612,0.982589,0.012058,0.0007623,1.644754,1
50.5,0,82.9421,74.7717,0.997778,0.982162,0.015096,0.000793,1.649896,1
50.5,1,92.4568,82.4979,0.998162,0.983116,0.014524,0.0008138,1.650893,0
50.5,2,95.2816,84.0576,0.997866,0.983704,0.013091,0.0006685,1.656388,1
50.5,3,85.3289,75.3609,0.997401,0.983916,0.014211,0.0006957,1.653256,1
50.5,4,67.7842,57.6856,0.99736,0.983603,0.014395,0.000737,1.65114,1
51.0,0,88.6135,77.3424,0.997625,0.983062,0.014079,0.0007402,1.642894,1
51.0,1,94.5029,87.3831,0.998194,0.981623,0.012307,0.0007057,1.656901,0
51.0,2,100.1099,89.0688,0.997999,0.982322,0.016115,0.0007249,1.652038,1
51.0,3,84.5996,72.1062,0.998223,0.982953,0.012687,0.0007252,1.638215,0
51.0,4,67.6197,55.3206,0.997845,0.982564,0.012941,0.0007259,1.648736,1
51.5,0,88.7388,84.4627,0.997919,0.983855,0.013239,0.0007424,1.65368,1
51.5,1,97.8504,90.2425,0.997583,0.983068,0.013028,0.0007124,1.661711,1
51.5,2,91.2588,80.7073,0.998537,0.983289,0.012409,0.0007852,1.662854,0
51.5,3,82.3766,72.4019,0.99797,0.982466,0.013372,0.0007945,1.670125,1
51.5,4,64.9543,57.3636,0.998452,0.984377,0.013915,0.000838,1.67405,0
52.0,0,87.136,72.1602,0.997942,0.981894,0.013696,0.0008473,1.668588,1
52.0,1,95.2217,81.6911,0.997371,0.981395,0.015187,0.0008028,1.664791,1
52.0,2,94.1152,84.5276,0.997956,0.984034,0.01395,0.0006609,1.676708,1
52.0,3,77.8658,68.9406,0.997544,0.982952,0.012303,0.0006911,1.655636,1
52.0,4,68.0336,60.7754,0.99816,0.984008,0.013798,0.0007885,1.656406,0
52.5,0,88.3173,75.8329,0.998116,0.983625,0.014541,0.0007611,1.678449,0
52.5,1,96.7549,85.1237,0.998101,0.983481,0.015779,0.000799,1.658485,0
52.5,2,91.7166,78.247,0.997973,0.98202,0.014937,0.0007479,1.675912,1
52.5,3,80.7175,73.6448,0.997639,0.982873,0.013148,0.0007574,1.670741,1
52.5,4,66.6748,58.8898,0.998197,0.983163,0.015214,0.0005969,1.663067,0
53.0,0,92.0424,74.4839,0.998385,0.982946,0.011548,0.0008013,1.661571,0
53.0,1,95.3893,90.88,0.997824,0.982113,0.015598,0.0008115,1.668751,1
53.0,2,91.2758,81.478,0.998413,0.982094,0.012316,0.0008287,1.669275,0
53.0,3,79.2906,72.8598,0.997823,0.980941,0.013378,0.0008271,1.693821,1
53.0,4,64.0336,57.5641,0.99835,0.983357,0.013885,0.000666,1.667933,0
53.5,0,90.9414,76.8905,0.99782,0.984227,0.013348,0.0006958,1.655001,1
53.5,1,97.2766,85.5258,0.997669,0.983042,0.01389,0.0007762,1.677377,1
53.5,2,89.5123,78.4971,0.997832,0.982817,0.014595,0.0007311,1.666097,1
53.5,3,80.7326,73.1199,0.997511,0.982611,0.012369,0.0007107,1.66053,1
53.5,4,61.6909,60.0961,0.998233,0.983965,0.014693,0.0007608,1.677907,0
54.0,0,91.6478,78.9591,0.997571,0.98356,0.012402,0.00078,1.681321,1
54.0,1,98.8033,90.2365,0.99756,0.983272,0.013482,0.0007211,1.654912,1
54.0,2,91.9256,77.5955,0.997408,0.984238,0.012419,0.000749,1.675518,1
54.0,3,76.5646,66.0986,0.997708,0.983485,0.013341,0.0007688,1.653174,1
54.0,4,61.2091,56.9775,0.997701,0.982079,0.013995,0.0007999,1.678137,1
54.5,0,91.1791,84.5218,0.998399,0.983756,0.012072,0.000919,1.661616,0
54.5,1,94.7591,86.3216,0.997882,0.983109,0.014947,0.000819,1.665937,1
54.5,2,90.1614,84.4274,0.998226,0.98372,0.014452,0.0008079,1.669737,0
54.5,3,72.4579,66.3139,0.997774,0.983816,0.012762,0.0007534,1.670591,1
54.5,4,63.428,58.8011,0.997917,0.983054,0.01525,0.0006844,1.682353,1
55.0,0,95.277,89.9142,0.998141,0.982181,0.013111,0.0008081,1.668203,0
55.0,1,96.642,81.7409,0.997542,0.983077,0.013224,0.0007371,1.672218,1
55.0,2,89.5595,79.7613,0.997952,0.982871,0.013398,0.0007744,1.665224,1
55.0,3,72.7705,60.6808,0.99755,0.98185,0.013251,0.0008315,1.674006,1
55.0,4,61.0002,52.8306,0.997986,0.984157,0.013563,0.0007338,1.662438,1
55.5,0,94.3802,81.7439,0.998104,0.98197,0.012009,0.0008015,1.659557,0
55.5,1,97.9939,91.8543,0.997712,0.982947,0.015057,0.0007543,1.688479,1
55.5,2,87.189,75.5268,0.997919,0.98296,0.014799,0.0008218,1.676189,1
55.5,3,73.7803,66.8827,0.998128,0.982365,0.012584,0.0007879,1.699386,0
55.5,4,61.5907,53.8795,0.998308,0.981288,0.013413,0.0007974,1.665762,0
56.0,0,93.3321,83.4277,0.997717,0.982133,0.012596,0.000702,1.660437,1
56.0,1,96.2378,90.1006,0.997681,0.981791,0.015285,0.0007228,1.671047,1
56.0,2,84.8172,74.1403,0.997996,0.983129,0.014951,0.0008134,1.671642,1
56.0,3,72.4317,62.5022,0.998243,0.983186,0.01417,0.0008099,1.655304,0
56.0,4,57.0574,51.6234,0.997923,0.98322,0.013787,0.0007708,1.682679,1
56.5,0,95.8116,88.8058,0.998229,0.983751,0.014013,0.0008188,1.669628,0
56.5,1,98.1628,96.4059,0.997557,0.982138,0.015279,0.0007918,1.662669,1
56.5,2,84.105,78.5328,0.998038,0.984346,0.013604,0.0008276,1.683507,0
56.5,3,67.0552,57.8068,0.997951,0.982282,0.013274,0.0007495,1.665488,1
56.5,4,56.9437,48.6259,0.997986,0.98284,0.014674,0.0008086,1.671207,1
57.0,0,97.1334,84.221,0.99771,0.98294,0.014645,0.0008173,1.661036,1
57.0,1,95.1413,86.483,0.997513,0.983399,0.014482,0.0008315,1.67309,1
57.0,2,86.2566,71.7805,0.997928,0.981576,0.012757,0.0007784,1.674986,1
57.0,3,69.3568,62.999,0.998396,0.982913,0.01276,0.0007153,1.654426,0
57.0,4,58.4809,49.3893,0.997991,0.982967,0.01299,0.0007902,1.66832,1
57.5,0,94.7997,87.8207,0.997635,0.98317,0.015183,0.0008036,1.646003,1
57.5,1,95.1088,85.8755,0.997592,0.981692,0.013343,0.0008309,1.666917,1
57.5,2,85.3978,76.7202,0.998439,0.982023,0.014166,0.0007754,1.673652,0
57.5,3,67.5667,58.2996,0.997923,0.981802,0.012853,0.0008338,1.658535,1
57.5,4,59.5546,51.7261,0.998239,0.98256,0.011768,0.0007427,1.644764,0
58.0,0,93.4909,85.86,0.99795,0.983153,0.013003,0.0008166,1.639119,1
58.0,1,93.3069,83.4429,0.997669,0.98276,0.013717,0.0008136,1.656835,1
58.0,2,83.6206,73.8129,0.998035,0.982902,0.013983,0.0007967,1.632235,0
58.0,3,70.1861,60.8547,0.997601,0.982422,0.01243,0.0008773,1.647603,1
58.0,4,56.1446,48.8532,0.997971,0.983797,0.014013,0.0007513,1.667028,1
58.5,0,97.2578,85.0027,0.997808,0.982765,0.013992,0.0007926,1.648673,1
58.5,1,97.266,97.4618,0.997882,0.981926,0.012705,0.0008332,1.632194,1
58.5,2,80.0388,73.1729,0.997885,0.982336,0.015593,0.0008323,1.643726,1
58.5,3,66.8125,59.6888,0.997675,0.982334,0.014938,0.0007645,1.647721,1
58.5,4,59.3051,54.0238,0.997902,0.982128,0.016086,0.0008334,1.624749,1
59.0,0,99.4873,84.9324,0.997408,0.982082,0.015028,0.0007814,1.644847,1
59.0,1,89.3976,83.9191,0.99774,0.981609,0.014095,0.0008195,1.643591,1
59.0,2,81.6633,75.2127,0.998271,0.982596,0.01388,0.0008382,1.654327,0
59.0,3,63.5254,61.4856,0.997855,0.982644,0.014212,0.0007522,1.626281,1
59.0,4,61.2141,57.438,0.997543,0.98275,0.014394,0.0007706,1.657072,1
59.5,0,95.9932,89.8233,0.997621,0.983026,0.015335,0.0008212,1.631945,1
59.5,1,92.311,85.4887,0.997682,0.982304,0.015547,0.0008673,1.630194,1
59.5,2,75.1131,64.1314,0.997476,0.982393,0.013709,0.0007283,1.638372,1
59.5,3,57.3858,51.9361,0.998292,0.981648,0.010905,0.0008058,1.643833,0
59.5,4,56.2087,51.0506,0.998197,0.983971,0.014383,0.0007357,1.63852,0
60.0,0,94.9994,85.4463,0.997728,0.982143,0.015331,0.0007886,1.61599,1
60.0,1,91.6932,84.7887,0.997815,0.98198,0.013368,0.0007706,1.625753,1
60.0,2,75.0124,66.9143,0.997393,0.982797,0.013018,0.0008439,1.634613,1
60.0,3,65.2637,55.5319,0.998223,0.982507,0.014419,0.0008445,1.640412,0
60.0,4,57.1573,52.3769,0.997772,0.983182,0.012908,0.0008202,1.646194,1
60.5,0,100.9451,94.732,0.998228,0.982999,0.014869,0.0008998,1.624231,0
60.5,1,86.7655,77.5569,0.997846,0.981921,0.012617,0.0007779,1.612474,1
60.5,2,76.9101,73.9389,0.997993,0.981464,0.014022,0.0007596,1.627571,1
60.5,3,59.7289,55.8693,0.998001,0.982324,0.014319,0.0008057,1.642048,0
60.5,4,53.3251,48.7852,0.998163,0.982287,0.013316,0.0008114,1.615576,0
61.0,0,95.7057,82.6064,0.997727,0.980886,0.013227,0.0008329,1.615074,1
61.0,1,88.0685,82.1118,0.998253,0.98197,0.015035,0.0007175,1.610401,0
61.0,2,74.8332,68.044,0.997816,0.983252,0.013627,0.0008431,1.613969,1
61.0,3,59.31,49.3758,0.997983,0.981866,0.014838,0.0008555,1.616637,1
61.0,4,57.4818,52.143,0.997718,0.981393,0.015276,0.0007766,1.624154,1
61.5,0,97.1234,88.4239,0.997836,0.98327,0.012974,0.0008571,1.614824,1
61.5,1,87.8709,77.7707,0.997756,0.983003,0.012673,0.0007215,1.610418,1
61.5,2,73.8563,65.6755,0.998181,0.983577,0.015248,0.0008801,1.615801,0
61.5,3,60.9589,53.3661,0.996964,0.982864,0.013073,0.0007974,1.588312,1
61.5,4,59.3656,52.9979,0.997593,0.981616,0.013032,0.0007652,1.603455,1
62.0,0,93.3924,83.3478,0.997659,0.983208,0.012108,0.0007877,1.598886,1
62.0,1,87.3279,78.4304,0.998015,0.983991,0.013861,0.0008365,1.600304,0
62.0,2,70.9081,63.8807,0.998402,0.981608,0.013726,0.000811,1.600257,0
62.0,3,59.8631,53.9073,0.997796,0.981942,0.014595,0.0007635,1.604079,1
62.0,4,59.6113,56.65,0.997535,0.983018,0.013775,0.0008622,1.608915,1
62.5,0,99.2077,94.7606,0.997458,0.982239,0.013124,0.0008085,1.584689,1
62.5,1,82.1106,76.914,0.997852,0.983103,0.01297,0.0007599,1.600926,1
62.5,2,72.6616,65.5927,0.997805,0.983442,0.014255,0.0008216,1.607136,1
62.5,3,58.186,55.6632,0.997719,0.981924,0.014557,0.0008598,1.598144,1
62.5,4,59.7919,56.13,0.996744,0.98112,0.014276,0.000766,1.619726,1
63.0,0,95.9757,86.0271,0.997759,0.982176,0.013248,0.0008211,1.608474,1
63.0,1,81.1389,73.7284,0.997605,0.982549,0.013138,0.0008222,1.587723,1
63.0,2,68.6195,61.1145,0.99724,0.982815,0.011078,0.0007962,1.583539,1
63.0,3,58.569,52.0035,0.997985,0.982318,0.013677,0.000871,1.593796,1
63.0,4,58.7913,55.9308,0.997939,0.984066,0.014349,0.0007885,1.609185,1
63.5,0,96.6071,85.9965,0.997892,0.982394,0.014403,0.0008191,1.593333,1
63.5,1,86.3541,79.137,0.997331,0.982627,0.013606,0.0008332,1.597032,1
63.5,2,68.1917,57.2031,0.99726,0.98358,0.013878,0.0008844,1.599908,1
63.5,3,56.5568,47.4632,0.997884,0.982874,0.015656,0.0008074,1.595394,1
63.5,4,55.8184,49.017,0.997804,0.982179,0.013031,0.0008884,1.610659,1
64.0,0,91.9842,83.1134,0.997591,0.983628,0.014157,0.0008499,1.582148,1
64.0,1,84.3487,75.0061,0.998279,0.983314,0.013269,0.0008463,1.593933,0
64.0,2,65.8559,61.0481,0.997712,0.982463,0.013288,0.0007828,1.592265,1
64.0,3,57.6307,54.0997,0.997314,0.98253,0.015514,0.0007861,1.581064,1
64.0,4,58.2396,54.0751,0.99734,0.982456,0.013251,0.0007912,1.588436,1
64.5,0,92.6553,82.1637,0.997694,0.982635,0.013481,0.000846,1.58431,1
64.5,1,79.4818,71.6534,0.997195,0.981763,0.013267,0.0007714,1.58679,1
64.5,2,63.7163,55.2545,0.998015,0.984086,0.014929,0.0008374,1.600346,0
64.5,3,57.6356,51.3312,0.997743,0.982151,0.01173,0.0007804,1.580816,1
64.5,4,61.7898,54.5408,0.99717,0.982397,0.014222,0.000861,1.592749,1
65.0,0,97.3982,84.617,0.998095,0.983137,0.013315,0.0008186,1.580042,0
65.0,1,78.8229,69.6834,0.997567,0.982396,0.012914,0.0008812,1.596285,1
65.0,2,62.7261,58.4016,0.997385,0.980973,0.014265,0.0008523,1.58011,1
65.0,3,57.8782,56.1753,0.998604,0.981702,0.014277,0.0007636,1.615819,0
65.0,4,60.749,56.5549,0.997728,0.981554,0.013743,0.0007573,1.581104,1
65.5,0,91.2256,82.8418,0.997008,0.982328,0.016518,0.0007799,1.589986,1
65.5,1,76.8952,61.3932,0.997391,0.981833,0.014812,0.0008257,1.584525,1
65.5,2,64.4511,58.3056,0.997641,0.982915,0.012589,0.0008172,1.599261,1
65.5,3,52.4494,45.7116,0.997737,0.982563,0.013629,0.000849,1.577862,1
65.5,4,64.4425,58.4499,0.998235,0.983057,0.014517,0.0008983,1.578695,0
66.0,0,90.2557,75.5434,0.997941,0.983683,0.013495,0.0007691,1.598048,1
66.0,1,74.9334,66.0793,0.998142,0.982073,0.013794,0.0009106,1.592709,0
66.0,2,60.0229,57.2733,0.997158,0.983166,0.01447,0.0008038,1.579011,1
66.0,3,54.4944,52.4369,0.997717,0.981856,0.014554,0.0008902,1.589988,1
66.0,4,64.8015,60.5469,0.997698,0.982613,0.013865,0.0007804,1.57413,1
66.5,0,90.7632,79.3722,0.997664,0.982142,0.014965,0.0008465,1.590792,1
66.5,1,74.5026,66.6822,0.997568,0.98254,0.012271,0.0008315,1.591403,1
66.5,2,62.0461,53.4347,0.997544,0.982035,0.013455,0.0007717,1.576863,1
66.5,3,56.8124,51.9196,0.997714,0.981643,0.01438,0.0008226,1.582772,1
66.5,4,62.5378,55.1372,0.997885,0.982193,0.013872,0.0007824,1.615632,1
67.0,0,84.2953,69.7118,0.997503,0.98248,0.015784,0.0008607,1.592512,1
67.0,1,75.5895,68.2893,0.997073,0.982524,0.014227,0.0009435,1.582294,1
67.0,2,62.9489,53.5717,0.99812,0.982426,0.014847,0.0008702,1.596282,0
67.0,3,57.1495,50.085,0.997612,0.981708,0.013897,0.0007546,1.591226,1
67.0,4,67.3763,63.554,0.998054,0.982442,0.013856,0.0008222,1.593427,0
67.5,0,89.1706,81.339,0.997246,0.983402,0.014502,0.000887,1.592625,1
67.5,1,71.9152,69.7399,0.997329,0.980949,0.016021,0.0008495,1.587822,1
67.5,2,58.5082,48.432,0.99821,0.982865,0.014535,0.0008787,1.582959,0
67.5,3,58.1158,54.5757,0.996989,0.982777,0.014772,0.0008426,1.58325,1
67.5,4,66.1721,58.4634,0.997759,0.981874,0.014789,0.0008116,1.586908,1
68.0,0,88.9371,79.5287,0.997799,0.981242,0.015561,0.0007674,1.596468,1
68.0,1,70.693,61.6818,0.997558,0.983268,0.015779,0.0008282,1.591924,1
68.0,2,55.239,53.1258,0.99732,0.981552,0.014145,0.0008767,1.610731,1
68.0,3,61.8759,57.3675,0.997496,0.981755,0.013861,0.0008802,1.605048,1
68.0,4,68.862,57.2794,0.99747,0.983445,0.013507,0.000836,1.622767,1
68.5,0,85.2729,81.1153,0.998182,0.982867,0.01362,0.0007285,1.591043,0
68.5,1,71.157,65.5577,0.997982,0.981375,0.014254,0.00074,1.590804,1
68.5,2,59.4455,48.8309,0.997875,0.983725,0.012619,0.0008296,1.616817,1
68.5,3,58.9374,53.8867,0.997662,0.981163,0.013918,0.0009068,1.600502,1
68.5,4,70.2348,62.2966,0.997369,0.981915,0.013002,0.0007744,1.599433,1
69.0,0,83.7461,72.5363,0.997829,0.981495,0.014496,0.0008699,1.621104,1
69.0,1,69.3115,64.3505,0.997642,0.981114,0.014926,0.000929,1.603202,1
69.0,2,62.0444,57.9035,0.99822,0.982095,0.013185,0.0008478,1.597182,0
69.0,3,58.8222,52.4283,0.997669,0.982168,0.013096,0.0008185,1.617136,1
69.0,4,69.861,59.5027,0.997015,0.981982,0.014349,0.000786,1.586571,1
69.5,0,84.0754,85.3356,0.997872,0.981423,0.013967,0.0008416,1.597144,1
69.5,1,64.61,57.8169,0.997847,0.982422,0.013402,0.000873,1.615075,1
69.5,2,55.4414,47.4666,0.997804,0.983129,0.01449,0.0009065,1.624532,1
69.5,3,55.9354,51.3057,0.998005,0.983127,0.015512,0.0008181,1.616679,0
69.5,4,72.7653,63.9218,0.997667,0.981155,0.013236,0.0008639,1.620376,1
70.0,0,81.6748,78.018,0.998047,0.981414,0.013999,0.0008248,1.624033,0
70.0,1,67.6845,58.982,0.997877,0.981143,0.015278,0.000728,1.614009,1
70.0,2,55.6227,51.414,0.997676,0.980447,0.012755,0.0008206,1.627638,1
70.0,3,62.8965,58.1511,0.998027,0.981598,0.014517,0.0008563,1.605002,0
70.0,4,71.7594,63.6616,0.997737,0.982596,0.013552,0.0008234,1.596794,1
70.5,0,81.3874,72.9457,0.997581,0.982617,0.01362,0.0008043,1.616145,1
70.5,1,64.4346,58.496,0.997408,0.981827,0.012785,0.0008321,1.604695,1
70.5,2,55.4322,50.9665,0.997641,0.982055,0.01389,0.0008975,1.610382,1
70.5,3,61.2326,53.53,0.997673,0.982058,0.013572,0.0008681,1.615704,1
70.5,4,71.299,62.9293,0.997214,0.982296,0.013507,0.0007893,1.625809,1
71.0,0,79.8641,71.3472,0.997492,0.982891,0.013859,0.0008679,1.617509,1
71.0,1,65.1596,58.3083,0.997735,0.981942,0.013377,0.0007949,1.626796,1
71.0,2,55.6345,47.473,0.997955,0.982981,0.012095,0.0007481,1.613663,1
71.0,3,61.4444,61.2275,0.997225,0.981906,0.015463,0.0008302,1.640018,1
71.0,4,76.8697,69.1019,0.997845,0.982909,0.012727,0.0008463,1.622568,1
71.5,0,77.7924,66.6141,0.997271,0.982185,0.014138,0.0009268,1.637878,1
71.5,1,65.8846,62.4041,0.997911,0.979312,0.013372,0.0008807,1.622542,1
71.5,2,55.3824,51.1771,0.997584,0.981861,0.015877,0.0008364,1.646887,1
71.5,3,61.8807,55.9136,0.997462,0.981468,0.013923,0.0007892,1.641885,1
71.5,4,76.5103,67.6471,0.997808,0.981306,0.012177,0.0008786,1.621999,1
72.0,0,73.6094,66.6803,0.99785,0.981497,0.013268,0.0009353,1.628675,1
72.0,1,63.7487,58.3604,0.997342,0.982011,0.0133,0.0008267,1.641272,1
72.0,2,54.9947,46.2333,0.997774,0.981637,0.014957,0.0008523,1.670928,1
72.0,3,64.0069,54.5039,0.997148,0.981403,0.013731,0.0007774,1.63154,1
72.0,4,77.5977,65.4715,0.99753,0.982306,0.013155,0.0008902,1.643651,1
72.5,0,77.2536,71.3769,0.997486,0.981974,0.014637,0.0008814,1.632898,1
72.5,1,63.0003,55.428,0.99789,0.982243,0.013525,0.0008625,1.664231,1
72.5,2,54.9654,46.086,0.997473,0.983108,0.015763,0.0009141,1.628624,1
72.5,3,63.385,55.9556,0.997497,0.981224,0.0139,0.0008033,1.673027,1
72.5,4,78.9657,69.5979,0.997178,0.982866,0.014758,0.0009206,1.653293,1
73.0,0,72.8025,63.6145,0.997311,0.981756,0.014875,0.0008374,1.659584,1
73.0,1,61.8127,54.621,0.997834,0.982416,0.014573,0.0008637,1.658475,1
73.0,2,54.885,47.7398,0.997615,0.982796,0.01396,0.0008901,1.654432,1
73.0,3,63.3157,57.0126,0.997655,0.981529,0.013596,0.0008402,1.658571,1
73.0,4,77.1635,70.2092,0.997618,0.982244,0.013628,0.000879,1.645708,1
73.5,0,70.9008,65.8502,0.997131,0.981544,0.013627,0.0009,1.649033,1
73.5,1,58.3572,50.2412,0.998027,0.981839,0.013686,0.0008732,1.672074,0
73.5,2,52.6857,45.3669,0.997596,0.981556,0.012763,0.0008321,1.665,1
73.5,3,66.6038,64.6432,0.997038,0.980875,0.012997,0.0009161,1.654475,1
73.5,4,78.3274,72.7854,0.997308,0.982952,0.01442,0.0008344,1.672372,1
74.0,0,72.7554,69.4138,0.997396,0.981785,0.015692,0.0009256,1.672372,1
74.0,1,57.1353,49.2677,0.997091,0.981247,0.014013,0.0008104,1.677007,1
74.0,2,51.9837,45.2859,0.997316,0.982527,0.014743,0.0008085,1.672087,1
74.0,3,64.9793,59.1631,0.997154,0.982142,0.015689,0.000972,1.680667,1
74.0,4,80.5321,70.9742,0.99724,0.981552,0.012472,0.0008385,1.680978,1
74.5,0,74.3149,68.0464,0.997571,0.982558,0.012654,0.0008302,1.68379,1
74.5,1,57.7442,51.2046,0.997766,0.980495,0.015402,0.0008319,1.681371,1
74.5,2,57.5335,53.2889,0.997808,0.98121,0.015072,0.0008978,1.689992,1
74.5,3,67.167,63.3218,0.997729,0.981666,0.015236,0.0008539,1.68487,1
74.5,4,83.5976,75.5633,0.99753,0.982831,0.014148,0.0009015,1.681735,1
75.0,0,66.8779,62.4147,0.997942,0.982409,0.014656,0.0008324,1.694048,1
75.0,1,54.5949,49.4187,0.997965,0.981449,0.01479,0.0008387,1.68774,1
75.0,2,55.1737,48.8375,0.997309,0.982081,0.012549,0.0009504,1.684256,1
75.0,3,68.4352,65.2601,0.997493,0.982205,0.014538,0.0009545,1.682731,1
75.0,4,82.8338,74.8171,0.997626,0.981979,0.0136,0.0008346,1.664186,1
75.5,0,68.3415,59.4542,0.997297,0.982388,0.015344,0.0008257,1.682455,1
75.5,1,56.4067,51.7932,0.997178,0.981338,0.014685,0.0008473,1.675682,1
75.5,2,58.5311,50.7472,0.997408,0.983007,0.014088,0.0008706,1.681262,1
75.5,3,67.5893,61.2618,0.997795,0.98299,0.017118,0.0008627,1.687985,1
75.5,4,83.9027,81.1064,0.997787,0.982749,0.014862,0.0008709,1.660589,1
76.0,0,68.7001,63.4816,0.997557,0.981299,0.015148,0.0008949,1.692107,1
76.0,1,54.5941,46.9296,0.997453,0.981875,0.01324,0.0009667,1.685715,1
76.0,2,59.0481,53.6962,0.997922,0.98134,0.014094,0.0008163,1.70059,1
76.0,3,72.7268,65.8691,0.997565,0.983413,0.01417,0.0008508,1.684312,1
76.0,4,89.256,82.2202,0.997624,0.981441,0.014826,0.00091,1.691162,1
76.5,0,64.8001,59.4246,0.99759,0.981556,0.013983,0.0007967,1.699469,1
76.5,1,56.2849,53.7962,0.996935,0.982076,0.014888,0.0008476,1.698324,1
76.5,2,60.4435,55.5514,0.9974,0.979399,0.014376,0.0008872,1.686182,1
76.5,3,70.4853,64.7638,0.997589,0.983203,0.013488,0.0009418,1.693665,1
76.5,4,87.2456,80.089,0.997733,0.98152,0.015865,0.0008834,1.681163,1
77.0,0,61.6974,57.9086,0.997294,0.981991,0.014416,0.0008794,1.70589,1
77.0,1,55.3213,47.5791,0.99677,0.981825,0.014046,0.0009469,1.689055,1
77.0,2,62.6916,55.7701,0.997976,0.981141,0.013909,0.0009189,1.707981,1
77.0,3,76.0982,64.8308,0.997786,0.981913,0.012682,0.0008571,1.692612,1
77.0,4,87.6323,82.9889,0.997621,0.982832,0.01343,0.0008015,1.700618,1
77.5,0,63.0062,58.6636,0.997648,0.982025,0.015126,0.0008913,1.699924,1
77.5,1,60.1078,56.8877,0.997134,0.980634,0.015682,0.0008657,1.696556,1
77.5,2,60.5034,55.1655,0.997326,0.980948,0.01254,0.0007679,1.68733,1
77.5,3,78.1416,67.6896,0.997443,0.982797,0.015639,0.0008596,1.704985,1
77.5,4,89.4162,74.2348,0.997737,0.981988,0.013448,0.0008978,1.701209,1
78.0,0,62.2909,53.8906,0.997388,0.982124,0.015094,0.0008792,1.687968,1
78.0,1,56.9509,53.7918,0.997261,0.982285,0.015388,0.0009429,1.712246,1
78.0,2,62.9435,59.839,0.997846,0.981218,0.01465,0.0009018,1.691955,1
78.0,3,76.3174,63.1689,0.997653,0.982559,0.015491,0.0009574,1.692751,1
78.0,4,90.7236,86.6927,0.997764,0.98129,0.01198,0.0008786,1.688115,1
78.5,0,61.1635,57.1849,0.996996,0.98208,0.013139,0.0010166,1.699388,1
78.5,1,57.0894,49.2347,0.99679,0.981093,0.013398,0.0009511,1.687397,1
78.5,2,64.9868,59.4742,0.997397,0.979871,0.013805,0.000941,1.704245,1
78.5,3,78.5549,66.6359,0.997468,0.982063,0.013869,0.0009142,1.691769,1
78.5,4,87.8404,77.0223,0.997223,0.982835,0.015074,0.00089,1.693405,1
79.0,0,61.2994,58.4667,0.99713,0.981329,0.015521,0.000919,1.693712,1
79.0,1,58.5719,53.8778,0.997137,0.98206,0.014363,0.0009776,1.70417,1
79.0,2,65.3103,59.0927,0.997576,0.980729,0.012916,0.0009145,1.702094,1
79.0,3,78.7194,65.1851,0.997094,0.98227,0.014497,0.0008629,1.688806,1
79.0,4,93.1337,83.3146,0.997372,0.981437,0.01452,0.0009091,1.691833,1
79.5,0,62.721,55.1194,0.99746,0.980579,0.013386,0.0009435,1.703758,1
79.5,1,56.8977,49.8304,0.997516,0.981026,0.015455,0.0007661,1.692644,1
79.5,2,63.8094,60.403,0.997351,0.98281,0.015831,0.0009202,1.680114,1
79.5,3,79.2744,69.9224,0.99753,0.982124,0.013055,0.0009367,1.686347,1
79.5,4,92.5669,84.168,0.997371,0.983075,0.015524,0.0008315,1.685237,1
80.0,0,60.9791,55.1298,0.997589,0.98182,0.015631,0.0009386,1.701966,1
80.0,1,55.4057,51.0767,0.996917,0.981607,0.013765,0.0008612,1.684733,1
80.0,2,62.4948,59.0315,0.997336,0.981658,0.014901,0.0009533,1.70747,1
80.0,3,81.1542,73.588,0.997128,0.982386,0.014421,0.0009455,1.702374,1
80.0,4,95.4381,87.7364,0.997426,0.980806,0.014729,0.0009842,1.689762,1
80.5,0,56.6828,52.2757,0.997892,0.980947,0.011999,0.0008718,1.691965,1
80.5,1,56.8467,50.6293,0.997239,0.981263,0.013588,0.0009205,1.696693,1
80.5,2,64.4861,61.7099,0.997522,0.982223,0.014132,0.0009152,1.679732,1
80.5,3,86.3938,82.155,0.997318,0.980725,0.014109,0.0009321,1.68703,1
80.5,4,92.807,84.0637,0.997128,0.982848,0.015361,0.0009357,1.683889,1
81.0,0,57.8861,54.4093,0.996752,0.981925,0.015836,0.0009956,1.67765,1
81.0,1,58.1386,54.5105,0.997742,0.980288,0.01242,0.0009127,1.692138,1
81.0,2,68.59,60.9214,0.997763,0.982942,0.013838,0.0009129,1.675587,1
81.0,3,87.8765,74.6464,0.997059,0.981048,0.013382,0.0009689,1.710372,1
81.0,4,95.3642,84.6741,0.997597,0.981034,0.015768,0.0009032,1.691361,1
81.5,0,55.6039,49.6343,0.996884,0.981755,0.015335,0.0008149,1.67264,1
81.5,1,57.1663,50.8124,0.997343,0.981704,0.014729,0.0009057,1.665919,1
81.5,2,70.6794,66.6735,0.997447,0.980321,0.014677,0.0009313,1.672846,1
81.5,3,85.7002,81.0682,0.997855,0.981841,0.014952,0.0008992,1.67864,1
81.5,4,97.9766,91.5737,0.997555,0.981319,0.015912,0.0009595,1.669821,1
82.0,0,58.7587,53.2388,0.997444,0.980106,0.012997,0.0009595,1.67013,1
82.0,1,60.3522,51.4335,0.996917,0.983249,0.015369,0.0009036,1.680037,1
82.0,2,69.8727,63.7809,0.997714,0.981388,0.014946,0.0008254,1.695815,1
82.0,3,88.6581,79.6965,0.99726,0.982849,0.013955,0.0009285,1.674661,1
82.0,4,93.6423,87.7801,0.997236,0.982091,0.014113,0.0009033,1.676089,1
82.5,0,54.9496,50.9052,0.997324,0.98239,0.015222,0.0009736,1.667519,1
82.5,1,60.737,54.282,0.997343,0.981128,0.014001,0.000944,1.669014,1
82.5,2,71.0887,66.1508,0.997457,0.980725,0.014581,0.0009689,1.683396,1
82.5,3,86.6297,74.5027,0.99724,0.982775,0.015219,0.0007978,1.681022,1
82.5,4,91.2494,88.4729,0.997604,0.981384,0.014582,0.0009456,1.6675,1
83.0,0,56.9482,50.9878,0.997265,0.9829,0.012451,0.0009174,1.65281,1
83.0,1,59.7982,52.294,0.998104,0.981269,0.014353,0.0008841,1.675635,0
83.0,2,72.7993,63.8028,0.997901,0.982305,0.014759,0.0010356,1.660411,1
83.0,3,87.0832,75.8873,0.997701,0.981185,0.01568,0.0008835,1.648594,1
83.0,4,94.1942,85.7485,0.997698,0.982721,0.014856,0.0009492,1.640297,1
83.5,0,56.3932,50.8321,0.997237,0.981127,0.015385,0.0009745,1.680472,1
83.5,1,60.5928,52.7971,0.997896,0.981404,0.013984,0.0008481,1.665027,1
83.5,2,76.3116,70.998,0.997397,0.982095,0.015059,0.0009432,1.672611,1
83.5,3,91.3627,82.8474,0.997169,0.982302,0.013928,0.0009101,1.653664,1
83.5,4,100.0904,86.5819,0.997529,0.982201,0.015381,0.0009155,1.661665,1
84.0,0,55.4064,44.4443,0.997091,0.982731,0.013704,0.0009268,1.681176,1
84.0,1,59.9295,52.8478,0.997244,0.980041,0.013652,0.0008486,1.660239,1
84.0,2,75.8898,62.4747,0.997563,0.982418,0.014158,0.0009673,1.660674,1
84.0,3,88.7191,80.7455,0.997375,0.980972,0.013493,0.0009404,1.677867,1
84.0,4,95.6913,86.8466,0.997004,0.981432,0.014318,0.0009012,1.648242,1
84.5,0,55.7205,49.0192,0.997682,0.98326,0.013774,0.0009043,1.65311,1
84.5,1,63.9752,55.8193,0.997139,0.982089,0.012897,0.0010333,1.651788,1
84.5,2,77.057,68.9343,0.996988,0.983062,0.014451,0.0009007,1.666344,1
84.5,3,93.4387,83.4408,0.997441,0.981354,0.014173,0.0009115,1.651748,1
84.5,4,97.8116,94.9937,0.996658,0.983478,0.015559,0.0009233,1.644473,1
85.0,0,52.1849,49.2104,0.996972,0.982121,0.014135,0.0008437,1.647043,1
85.0,1,64.7804,56.12,0.997558,0.983044,0.015041,0.0009466,1.635521,1
85.0,2,76.8597,68.0501,0.997321,0.981609,0.014351,0.0010496,1.64857,1
85.0,3,90.1824,77.2664,0.996778,0.980792,0.015129,0.0009107,1.63593,1
85.0,4,96.5719,88.8241,0.997411,0.981589,0.014513,0.0008591,1.624407,1
85.5,0,54.4965,47.4995,0.997044,0.981441,0.014091,0.0008623,1.636137,1
85.5,1,65.5296,57.8147,0.997536,0.981832,0.014954,0.0009088,1.641301,1
85.5,2,81.5629,67.7418,0.99761,0.981171,0.015216,0.0008122,1.632824,1
85.5,3,89.427,80.0065,0.997344,0.981906,0.014586,0.0008649,1.650193,1
85.5,4,92.3889,82.0315,0.997057,0.981098,0.013162,0.0009818,1.644627,1
86.0,0,56.5247,50.5786,0.996992,0.981472,0.013672,0.0009343,1.635737,1
86.0,1,65.4597,59.854,0.997455,0.982204,0.016555,0.0008586,1.619462,1
86.0,2,79.0053,70.5422,0.996802,0.981136,0.015418,0.0009665,1.648195,1
86.0,3,95.1491,89.1041,0.997121,0.981274,0.015459,0.0009729,1.612636,1
86.0,4,91.9062,79.4803,0.997022,0.982614,0.016386,0.0009465,1.635207,1
86.5,0,60.6203,55.5374,0.997438,0.981838,0.014969,0.001,1.634125,1
86.5,1,67.2628,59.5846,0.997348,0.98021,0.015056,0.0009388,1.63007,1
86.5,2,80.3406,73.6622,0.997325,0.981534,0.014965,0.000891,1.612298,1
86.5,3,94.8908,77.8804,0.997449,0.983194,0.014966,0.0009752,1.643139,1
86.5,4,96.2944,94.5585,0.997009,0.981267,0.015078,0.0008518,1.626798,1
87.0,0,57.3059,54.2529,0.99758,0.982133,0.015307,0.0009381,1.625367,1
87.0,1,69.7859,65.349,0.997044,0.98188,0.014535,0.0009483,1.633989,1
87.0,2,83.3387,72.2387,0.996987,0.981061,0.01522,0.0009267,1.616464,1
87.0,3,95.9906,86.9443,0.99747,0.983274,0.016491,0.0009522,1.625834,1
87.0,4,95.8766,90.6997,0.997153,0.98054,0.015473,0.0009463,1.628547,1
87.5,0,58.7733,51.4182,0.997097,0.982357,0.014463,0.0008984,1.615879,1
87.5,1,70.2687,61.9512,0.997771,0.98215,0.013135,0.000949,1.634322,1
87.5,2,91.5833,80.8728,0.997257,0.980415,0.015181,0.0009614,1.621464,1
87.5,3,92.6585,85.9987,0.997798,0.982587,0.014987,0.000935,1.627616,1
87.5,4,92.7333,75.017,0.996735,0.982595,0.015955,0.0009312,1.61065,1
88.0,0,57.6789,49.2406,0.997164,0.982878,0.014014,0.0009003,1.602059,1
88.0,1,71.1177,61.5739,0.997435,0.981233,0.016321,0.0009696,1.620269,1
88.0,2,83.2878,75.0313,0.997331,0.981754,0.014995,0.0009461,1.603822,1
88.0,3,90.313,77.6528,0.997544,0.98212,0.015782,0.0009564,1.617769,1
88.0,4,92.3418,77.4289,0.997293,0.980962,0.014031,0.0008906,1.614827,1
88.5,0,60.7759,56.4481,0.996939,0.981654,0.014581,0.0008419,1.622507,1
88.5,1,70.6661,65.0759,0.996993,0.982082,0.015903,0.0009556,1.618537,1
88.5,2,85.8602,76.2943,0.996894,0.982302,0.015841,0.0009185,1.613485,1
88.5,3,94.0093,80.1782,0.997076,0.980502,0.012715,0.0009573,1.603149,1
88.5,4,91.4437,73.5498,0.997257,0.980906,0.01403,0.000986,1.611883,1
89.0,0,60.2812,54.3691,0.997364,0.980807,0.014658,0.0009333,1.618593,1
89.0,1,72.0764,66.8234,0.997379,0.980975,0.015397,0.000925,1.605103,1
89.0,2,86.5821,74.5747,0.997313,0.981283,0.014363,0.0009877,1.62032,1
89.0,3,95.6937,79.4571,0.997366,0.979873,0.013777,0.000937,1.626851,1
89.0,4,85.7158,72.4189,0.997005,0.981993,0.013038,0.000905,1.623632,1
89.5,0,62.2519,54.6643,0.997514,0.981488,0.013778,0.0009118,1.604451,1
89.5,1,72.3511,66.3111,0.997513,0.980268,0.015351,0.0008953,1.610002,1
89.5,2,89.7524,84.0529,0.997203,0.981619,0.016314,0.0010283,1.621259,1
89.5,3,97.0213,89.0941,0.997702,0.98201,0.014007,0.0009528,1.614836,1
89.5,4,86.9809,76.4733,0.997723,0.98051,0.015195,0.0009632,1.620378,1
90.0,0,59.8035,52.1507,0.997216,0.980897,0.016248,0.0009591,1.619331,1
90.0,1,73.7997,67.9878,0.997947,0.981356,0.013579,0.0010069,1.606055,1
90.0,2,87.4721,75.174,0.996845,0.981818,0.01385,0.0009066,1.60708,1
90.0,3,96.3325,89.7863,0.99757,0.981134,0.015716,0.0009106,1.627907,1
90.0,4,90.0328,81.8908,0.996724,0.982179,0.014232,0.0009194,1.602591,1
90.5,0,61.0757,56.0534,0.997318,0.981422,0.016588,0.0008901,1.614588,1
90.5,1,74.4177,68.4859,0.997362,0.981489,0.015221,0.0009817,1.616567,1
90.5,2,88.1223,82.0937,0.997715,0.982279,0.014455,0.0010508,1.6142,1
90.5,3,97.7005,90.3318,0.997623,0.980106,0.013922,0.0009787,1.609337,1
90.5,4,87.0346,83.0431,0.997022,0.981627,0.015092,0.0009412,1.588591,1
91.0,0,59.5518,53.0425,0.99784,0.980784,0.014706,0.0010589,1.613886,1
91.0,1,79.3684,72.322,0.996929,0.980674,0.014228,0.0009546,1.606168,1
91.0,2,90.6779,82.4591,0.99754,0.983248,0.014019,0.0009692,1.60368,1
91.0,3,93.9077,78.7013,0.997698,0.981019,0.01569,0.0009023,1.590054,1
91.0,4,90.0947,75.8451,0.99687,0.982322,0.014819,0.0009457,1.626853,1
91.5,0,63.7485,59.2118,0.996799,0.982482,0.014189,0.0009664,1.608922,1
91.5,1,77.9859,69.4017,0.997445,0.981144,0.01494,0.0009339,1.629345,1
91.5,2,89.4417,75.0992,0.997594,0.979611,0.016466,0.0009567,1.620453,1
91.5,3,95.4975,83.6869,0.997325,0.98297,0.015965,0.0009219,1.628505,1
91.5,4,83.2024,74.2282,0.997214,0.982335,0.01336,0.00101,1.611984,1
92.0,0,62.123,58.1417,0.997035,0.979717,0.015557,0.0008757,1.615719,1
92.0,1,78.6049,68.4502,0.997487,0.981828,0.013252,0.0009487,1.62018,1
92.0,2,95.7181,87.7334,0.996797,0.980287,0.015424,0.0009982,1.613491,1
92.0,3,93.221,85.6091,0.997247,0.979216,0.014489,0.0010012,1.604657,1
92.0,4,86.1132,73.6336,0.99723,0.980643,0.013145,0.000971,1.618476,1
92.5,0,69.5727,64.6983,0.996674,0.981562,0.015756,0.0010049,1.642236,1
92.5,1,85.986,75.2003,0.997266,0.983221,0.016053,0.000929,1.608385,1
92.5,2,90.4505,83.5417,0.997118,0.981153,0.014195,0.0009195,1.629798,1
92.5,3,93.9588,86.021,0.996659,0.982732,0.015954,0.001016,1.602997,1
92.5,4,84.9397,72.062,0.997279,0.98223,0.015847,0.0009988,1.64216,1
93.0,0,68.0268,59.2467,0.996982,0.981295,0.015629,0.0009119,1.636597,1
93.0,1,83.2235,73.5236,0.99686,0.980903,0.015095,0.0009553,1.635989,1
93.0,2,90.82,76.9326,0.996829,0.982167,0.014651,0.0009669,1.634363,1
93.0,3,94.7872,83.4864,0.996712,0.980993,0.013261,0.0009616,1.62078,1
93.0,4,82.4869,74.8206,0.997031,0.981788,0.017627,0.0008728,1.652712,1
93.5,0,66.9506,56.991,0.996842,0.981847,0.015021,0.0009365,1.628065,1
93.5,1,82.9125,76.3869,0.997506,0.981056,0.014126,0.0009487,1.610786,1
93.5,2,94.3346,86.2015,0.997019,0.980856,0.015926,0.0009832,1.637739,1
93.5,3,93.8641,84.9619,0.997524,0.980164,0.014774,0.0008533,1.629657,1
93.5,4,84.644,72.2651,0.996799,0.9812,0.015668,0.0010015,1.628425,1
94.0,0,73.5188,66.0134,0.997462,0.982515,0.013837,0.0008953,1.645158,1
94.0,1,85.9242,77.4373,0.9972,0.98116,0.016381,0.0008195,1.652508,1
94.0,2,95.2793,85.3142,0.996828,0.982226,0.01366,0.0009754,1.651175,1
94.0,3,88.856,80.9815,0.997213,0.981581,0.014355,0.0009993,1.650186,1
94.0,4,78.739,76.7708,0.996779,0.980697,0.016023,0.0009592,1.630431,1
94.5,0,70.4801,67.2751,0.997348,0.980479,0.012962,0.0010471,1.648622,1
94.5,1,85.7828,74.4017,0.996488,0.980163,0.015135,0.0009478,1.662621,1
94.5,2,96.8342,85.0863,0.996832,0.982252,0.014462,0.0011047,1.647131,1
94.5,3,88.6719,73.2904,0.996889,0.982376,0.014588,0.0008475,1.639915,1
94.5,4,77.4449,73.5196,0.99724,0.9811,0.015138,0.0010837,1.656756,1
95.0,0,71.1566,65.7935,0.99744,0.983064,0.015137,0.0009588,1.656435,1
95.0,1,86.701,78.5019,0.996859,0.981219,0.013393,0.0010172,1.660845,1
95.0,2,91.845,85.1309,0.996932,0.98233,0.015854,0.0010294,1.65877,1
95.0,3,88.4824,73.0178,0.997141,0.980182,0.01504,0.0009006,1.660671,1
95.0,4,77.7303,66.3769,0.996811,0.981539,0.015735,0.0009865,1.645919,1
95.5,0,74.2407,66.2115,0.99693,0.980053,0.014906,0.0009366,1.658494,1
95.5,1,84.6025,78.6893,0.996922,0.981244,0.016365,0.0010552,1.666393,1
95.5,2,93.1696,83.557,0.99718,0.981395,0.015006,0.0010185,1.666357,1
95.5,3,92.1078,85.6249,0.996882,0.980925,0.014852,0.0009981,1.654856,1
95.5,4,75.3446,66.9101,0.99693,0.98151,0.015775,0.0010661,1.67,1
96.0,0,74.4153,70.379,0.996651,0.981492,0.014321,0.0009525,1.68661,1
96.0,1,88.7063,80.6212,0.997257,0.98114,0.013519,0.0009964,1.663377,1
96.0,2,94.9799,85.4026,0.997217,0.981489,0.013362,0.000991,1.684441,1
96.0,3,84.8939,73.5738,0.996873,0.979571,0.01305,0.000932,1.678289,1
96.0,4,73.2979,63.5067,0.99703,0.981551,0.015365,0.0009821,1.693216,1
96.5,0,77.0121,70.5127,0.996911,0.980451,0.013731,0.000918,1.679333,1
96.5,1,90.7266,79.5947,0.996965,0.981987,0.014688,0.0009842,1.676719,1
96.5,2,96.0796,83.8559,0.996331,0.97958,0.015248,0.0009537,1.670405,1
96.5,3,84.2564,73.4025,0.997106,0.981172,0.013816,0.0009248,1.693097,1
96.5,4,72.2047,64.7004,0.996668,0.980515,0.014618,0.000925,1.674732,1
97.0,0,75.4481,65.8815,0.996821,0.979792,0.013332,0.000991,1.670435,1
97.0,1,90.8226,81.2642,0.99716,0.98177,0.014262,0.0009274,1.682689,1
97.0,2,96.6058,85.7444,0.99704,0.980965,0.014755,0.0010167,1.6767,1
97.0,3,87.8268,80.3542,0.997705,0.980543,0.01606,0.0010251,1.668513,1
97.0,4,72.5186,66.8636,0.996877,0.979151,0.015656,0.0009202,1.679017,1
97.5,0,75.4776,69.5422,0.996499,0.98063,0.01436,0.0009872,1.672603,1
97.5,1,92.8337,85.1668,0.996941,0.980872,0.012172,0.0010678,1.685167,1
97.5,2,95.9124,86.953,0.997067,0.981651,0.014286,0.0010385,1.703186,1
97.5,3,85.8993,76.8241,0.997343,0.981431,0.01455,0.0009704,1.688686,1
97.5,4,71.6088,63.1497,0.997287,0.98267,0.015518,0.0009844,1.693125,1
98.0,0,79.3921,68.2532,0.996812,0.979984,0.015901,0.0009661,1.675295,1
98.0,1,93.5863,85.4499,0.997131,0.980007,0.013822,0.0010781,1.687753,1
98.0,2,95.1705,86.075,0.996624,0.979901,0.015435,0.0009745,1.690976,1
98.0,3,86.4155,72.725,0.997022,0.982017,0.015783,0.0009762,1.698493,1
98.0,4,70.0535,60.8401,0.996597,0.981772,0.014994,0.001081,1.687363,1
98.5,0,83.4958,77.6416,0.997178,0.981083,0.01401,0.0009779,1.694802,1
98.5,1,93.1858,80.357,0.997104,0.982486,0.014077,0.0010191,1.68083,1
98.5,2,94.8204,86.2332,0.996757,0.981501,0.015059,0.0010829,1.70087,1
98.5,3,83.9164,75.0838,0.996693,0.983141,0.015138,0.0010078,1.700586,1
98.5,4,64.6181,54.9924,0.996527,0.982117,0.015457,0.0009757,1.68543,1
99.0,0,81.0419,72.6349,0.99665,0.981738,0.014166,0.0009809,1.704151,1
99.0,1,89.2607,82.9349,0.997032,0.979267,0.014579,0.0009783,1.69481,1
99.0,2,93.9939,88.6701,0.997124,0.979911,0.014292,0.0008961,1.707161,1
99.0,3,79.8907,72.6938,0.99726,0.981743,0.015178,0.0009822,1.688941,1
99.0,4,70.6933,69.2458,0.996992,0.981385,0.01382,0.0009756,1.705417,1
99.5,0,82.6908,79.6532,0.997103,0.980523,0.014577,0.0010097,1.69405,1
99.5,1,95.0198,85.3823,0.99728,0.981304,0.014332,0.000964,1.723829,1
99.5,2,93.5538,86.2048,0.997188,0.980948,0.01389,0.0010874,1.708033,1
99.5,3,83.1948,74.6082,0.997342,0.980327,0.013669,0.0009835,1.705144,1
99.5,4,66.4693,60.6443,0.996546,0.980427,0.013586,0.0009601,1.709038,1
